dataset,model,attack_type,epsilon,defense_profile,acc_mean,acc_std,f1_mean,f1_std,removal_rate_mean,removal_rate_std,time_ratio_mean,I_score,n_samples,n_features
UNSW-NB15,LR,Random_LF,0.01,auto,,,0.9885,,0.01,,,0.3539,,
UNSW-NB15,RF,Random_LF,0.01,auto,,,0.9976,,0.01,,,0.6359,,
UNSW-NB15,GB,Random_LF,0.01,auto,,,0.9996,,0.01,,,0.651,,
UNSW-NB15,LR,Random_LF,0.01,lf,,,0.9885,,0.01,,,0.4083,,
UNSW-NB15,RF,Random_LF,0.01,lf,,,0.9976,,0.01,,,0.6357,,
UNSW-NB15,GB,Random_LF,0.01,lf,,,0.9996,,0.01,,,0.6821,,
UNSW-NB15,LR,Random_LF,0.05,auto,,,0.9848,,0.05,,,0.3529,,
UNSW-NB15,RF,Random_LF,0.05,auto,,,0.9901,,0.05,,,0.6866,,
UNSW-NB15,GB,Random_LF,0.05,auto,,,0.9996,,0.05,,,0.6547,,
UNSW-NB15,LR,Random_LF,0.05,lf,,,0.9848,,0.05,,,0.3817,,
UNSW-NB15,RF,Random_LF,0.05,lf,,,0.9901,,0.05,,,0.6721,,
UNSW-NB15,GB,Random_LF,0.05,lf,,,0.9996,,0.05,,,0.6441,,
UNSW-NB15,LR,Random_LF,0.1,auto,,,0.9814,,0.1,,,0.5006,,
UNSW-NB15,RF,Random_LF,0.1,auto,,,0.9788,,0.1,,,0.708,,
UNSW-NB15,GB,Random_LF,0.1,auto,,,0.998,,0.1,,,0.6711,,
UNSW-NB15,LR,Random_LF,0.1,lf,,,0.9814,,0.1,,,0.5055,,
UNSW-NB15,RF,Random_LF,0.1,lf,,,0.9788,,0.1,,,0.6994,,
UNSW-NB15,GB,Random_LF,0.1,lf,,,0.998,,0.1,,,0.6861,,
UNSW-NB15,LR,Random_LF,0.15,auto,,,0.9771,,0.15,,,0.4646,,
UNSW-NB15,RF,Random_LF,0.15,auto,,,0.9615,,0.15,,,0.7298,,
UNSW-NB15,GB,Random_LF,0.15,auto,,,0.9978,,0.15,,,0.6915,,
UNSW-NB15,LR,Random_LF,0.15,lf,,,0.9771,,0.15,,,0.4396,,
UNSW-NB15,RF,Random_LF,0.15,lf,,,0.9615,,0.15,,,0.7215,,
UNSW-NB15,GB,Random_LF,0.15,lf,,,0.9978,,0.15,,,0.696,,
UNSW-NB15,LR,Random_LF,0.2,auto,,,0.9731,,0.2,,,0.5467,,
UNSW-NB15,RF,Random_LF,0.2,auto,,,0.9446,,0.2,,,0.7086,,
UNSW-NB15,GB,Random_LF,0.2,auto,,,0.9954,,0.2,,,0.7389,,
UNSW-NB15,LR,Random_LF,0.2,lf,,,0.9731,,0.2,,,0.5183,,
UNSW-NB15,RF,Random_LF,0.2,lf,,,0.9446,,0.2,,,0.7395,,
UNSW-NB15,GB,Random_LF,0.2,lf,,,0.9954,,0.2,,,0.7101,,
UNSW-NB15,LR,Random_LF,0.25,auto,,,0.9684,,0.25,,,0.5099,,
UNSW-NB15,RF,Random_LF,0.25,auto,,,0.9108,,0.25,,,0.7194,,
UNSW-NB15,GB,Random_LF,0.25,auto,,,0.994,,0.25,,,0.7809,,
UNSW-NB15,LR,Random_LF,0.25,lf,,,0.9684,,0.25,,,0.5075,,
UNSW-NB15,RF,Random_LF,0.25,lf,,,0.9108,,0.25,,,0.7027,,
UNSW-NB15,GB,Random_LF,0.25,lf,,,0.994,,0.25,,,0.7788,,
UNSW-NB15,LR,Random_LF,0.3,auto,,,0.965,,0.3,,,0.4789,,
UNSW-NB15,RF,Random_LF,0.3,auto,,,0.8629,,0.3,,,0.7012,,
UNSW-NB15,GB,Random_LF,0.3,auto,,,0.9871,,0.3,,,0.7984,,
UNSW-NB15,LR,Random_LF,0.3,lf,,,0.965,,0.3,,,0.4481,,
UNSW-NB15,RF,Random_LF,0.3,lf,,,0.8629,,0.3,,,0.6998,,
UNSW-NB15,GB,Random_LF,0.3,lf,,,0.9871,,0.3,,,0.7816,,
UNSW-NB15,LR,Targeted_LF,0.01,auto,,,0.9888,,0.01,,,0.4328,,
UNSW-NB15,RF,Targeted_LF,0.01,auto,,,0.9998,,0.01,,,0.5972,,
UNSW-NB15,GB,Targeted_LF,0.01,auto,,,0.9999,,0.01,,,0.592,,
UNSW-NB15,LR,Targeted_LF,0.01,lf,,,0.9888,,0.01,,,0.4327,,
UNSW-NB15,RF,Targeted_LF,0.01,lf,,,0.9998,,0.01,,,0.5899,,
UNSW-NB15,GB,Targeted_LF,0.01,lf,,,0.9999,,0.01,,,0.6156,,
UNSW-NB15,LR,Targeted_LF,0.05,auto,,,0.9859,,0.05,,,0.4201,,
UNSW-NB15,RF,Targeted_LF,0.05,auto,,,0.999,,0.05,,,0.6516,,
UNSW-NB15,GB,Targeted_LF,0.05,auto,,,0.9984,,0.05,,,0.6932,,
UNSW-NB15,LR,Targeted_LF,0.05,lf,,,0.9859,,0.05,,,0.4766,,
UNSW-NB15,RF,Targeted_LF,0.05,lf,,,0.999,,0.05,,,0.6497,,
UNSW-NB15,GB,Targeted_LF,0.05,lf,,,0.9984,,0.05,,,0.6896,,
UNSW-NB15,LR,Targeted_LF,0.1,auto,,,0.9849,,0.1,,,0.6418,,
UNSW-NB15,RF,Targeted_LF,0.1,auto,,,0.9955,,0.1,,,0.6639,,
UNSW-NB15,GB,Targeted_LF,0.1,auto,,,0.9994,,0.1,,,0.718,,
UNSW-NB15,LR,Targeted_LF,0.1,lf,,,0.9849,,0.1,,,0.6445,,
UNSW-NB15,RF,Targeted_LF,0.1,lf,,,0.9955,,0.1,,,0.689,,
UNSW-NB15,GB,Targeted_LF,0.1,lf,,,0.9994,,0.1,,,0.6266,,
UNSW-NB15,LR,Targeted_LF,0.15,auto,,,0.9843,,0.15,,,0.6519,,
UNSW-NB15,RF,Targeted_LF,0.15,auto,,,0.9934,,0.15,,,0.7027,,
UNSW-NB15,GB,Targeted_LF,0.15,auto,,,0.9992,,0.15,,,0.6531,,
UNSW-NB15,LR,Targeted_LF,0.15,lf,0.98424,0.001515,0.984217,0.001516,0.15,0.0,1.4029,0.517539,25000,45
UNSW-NB15,RF,Targeted_LF,0.15,lf,0.99,0.003396,0.989993,0.003397,0.15,0.0,0.4926,0.697468,25000,45
UNSW-NB15,GB,Targeted_LF,0.15,lf,0.99932,0.000755,0.999319,0.000756,0.15,0.0,0.4602,0.707697,25000,45
UNSW-NB15,LR,Targeted_LF,0.2,auto,0.98276,0.002045,0.982736,0.002047,0.2,0.0,0.6536,0.666801,25000,45
UNSW-NB15,RF,Targeted_LF,0.2,auto,0.9866,0.002964,0.986592,0.002963,0.2,0.0,0.3891,0.716813,25000,45
UNSW-NB15,GB,Targeted_LF,0.2,auto,0.99972,0.00056,0.99972,0.000561,0.2,0.0,0.3959,0.720714,25000,45
UNSW-NB15,LR,Targeted_LF,0.2,lf,0.98276,0.002045,0.982736,0.002047,0.2,0.0,0.9911,0.599295,25000,45
UNSW-NB15,RF,Targeted_LF,0.2,lf,0.9866,0.002964,0.986592,0.002963,0.2,0.0,0.4332,0.708003,25000,45
UNSW-NB15,GB,Targeted_LF,0.2,lf,0.99972,0.00056,0.99972,0.000561,0.2,0.0,0.3242,0.735053,25000,45
UNSW-NB15,LR,Targeted_LF,0.25,auto,0.9766,0.006194,0.976578,0.006192,0.25,0.0,0.9057,0.613896,25000,45
UNSW-NB15,RF,Targeted_LF,0.25,auto,0.97072,0.003246,0.970718,0.003245,0.25,0.0,0.3394,0.720412,25000,45
UNSW-NB15,GB,Targeted_LF,0.25,auto,0.9938,0.004416,0.993795,0.004418,0.25,0.0,0.3176,0.733989,25000,45
UNSW-NB15,LR,Targeted_LF,0.25,lf,0.9766,0.006194,0.976578,0.006192,0.25,0.0,0.5807,0.678901,25000,45
UNSW-NB15,RF,Targeted_LF,0.25,lf,0.97072,0.003246,0.970718,0.003245,0.25,0.0,0.3458,0.719117,25000,45
UNSW-NB15,GB,Targeted_LF,0.25,lf,0.9938,0.004416,0.993795,0.004418,0.25,0.0,0.3202,0.73348,25000,45
UNSW-NB15,LR,Targeted_LF,0.3,auto,0.96748,0.007834,0.967465,0.007828,0.3,0.0,0.64,0.663337,25000,45
UNSW-NB15,RF,Targeted_LF,0.3,auto,0.9466,0.01086,0.946575,0.010895,0.3,0.0,0.359,0.706829,25000,45
UNSW-NB15,GB,Targeted_LF,0.3,auto,0.99132,0.00539,0.991314,0.005392,0.3,0.0,0.2875,0.739027,25000,45
UNSW-NB15,LR,Targeted_LF,0.3,lf,0.96748,0.007834,0.967465,0.007828,0.3,0.0,1.0337,0.584602,25000,45
UNSW-NB15,RF,Targeted_LF,0.3,lf,0.9466,0.01086,0.946575,0.010895,0.3,0.0,0.2002,0.738599,25000,45
UNSW-NB15,GB,Targeted_LF,0.3,lf,0.99132,0.00539,0.991314,0.005392,0.3,0.0,0.2102,0.754478,25000,45
Adult,LR,Random_LF,0.01,auto,0.82255,0.002052,0.716212,0.004039,0.01,0.0,69.1464,-13.033152,20000,14
Adult,RF,Random_LF,0.01,auto,0.85525,0.004009,0.78824,0.006426,0.01,0.0,2.5001,0.297766,20000,14
Adult,GB,Random_LF,0.01,auto,0.8594,0.003929,0.781563,0.006325,0.01,0.0,4.5289,-0.106192,20000,14
Adult,LR,Random_LF,0.01,lf,0.82255,0.002052,0.716212,0.004039,0.01,0.0,54.8411,-10.172082,20000,14
Adult,RF,Random_LF,0.01,lf,0.85525,0.004009,0.78824,0.006426,0.01,0.0,2.5061,0.296577,20000,14
Adult,GB,Random_LF,0.01,lf,0.8594,0.003929,0.781563,0.006325,0.01,0.0,4.2471,-0.049821,20000,14
Adult,LR,Random_LF,0.05,auto,0.8234,0.002562,0.713817,0.004268,0.05,0.0,68.2076,-12.846702,20000,14
Adult,RF,Random_LF,0.05,auto,0.8508,0.005622,0.782954,0.006762,0.05,0.0,2.9175,0.21162,20000,14
Adult,GB,Random_LF,0.05,auto,0.85785,0.004465,0.779716,0.008956,0.05,0.0,3.7306,0.052541,20000,14
Adult,LR,Random_LF,0.05,lf,0.8234,0.002562,0.713817,0.004268,0.05,0.0,45.0723,-8.219651,20000,14
Adult,RF,Random_LF,0.05,lf,0.8508,0.005622,0.782954,0.006762,0.05,0.0,1.5729,0.480549,20000,14
Adult,GB,Random_LF,0.05,lf,0.85785,0.004465,0.779716,0.008956,0.05,0.0,4.1962,-0.040593,20000,14
Adult,LR,Random_LF,0.1,auto,0.8236,0.003212,0.710832,0.004488,0.1,0.0,94.7057,-18.147975,20000,14
Adult,RF,Random_LF,0.1,auto,0.84585,0.005342,0.776004,0.008,0.1,0.0,1.4293,0.505747,20000,14
Adult,GB,Random_LF,0.1,auto,0.8567,0.004337,0.777297,0.008921,0.1,0.0,3.6712,0.063166,20000,14
Adult,LR,Random_LF,0.1,lf,0.8236,0.003212,0.710832,0.004488,0.1,0.0,71.0531,-13.417454,20000,14
Adult,RF,Random_LF,0.1,lf,0.84585,0.005342,0.776004,0.008,0.1,0.0,2.5122,0.289177,20000,14
Adult,GB,Random_LF,0.1,lf,0.8567,0.004337,0.777297,0.008921,0.1,0.0,4.3109,-0.064767,20000,14
Adult,LR,Random_LF,0.15,auto,0.8237,0.004007,0.710524,0.006048,0.15,0.0,41.057,-7.418415,20000,14
Adult,RF,Random_LF,0.15,auto,0.8385,0.006563,0.769255,0.008842,0.15,0.0,2.1226,0.363687,20000,14
Adult,GB,Random_LF,0.15,auto,0.8559,0.004502,0.777188,0.007706,0.15,0.0,5.3299,-0.268628,20000,14
Adult,LR,Random_LF,0.15,lf,0.8237,0.004007,0.710524,0.006048,0.15,0.0,46.5829,-8.523595,20000,14
Adult,RF,Random_LF,0.15,lf,0.8385,0.006563,0.769255,0.008842,0.15,0.0,2.293,0.329616,20000,14
Adult,GB,Random_LF,0.15,lf,0.8559,0.004502,0.777188,0.007706,0.15,0.0,4.0891,-0.020467,20000,14
Adult,LR,Random_LF,0.2,auto,0.8229,0.002289,0.707438,0.006834,0.2,0.0,51.6909,-9.546899,20000,14
Adult,RF,Random_LF,0.2,auto,0.82055,0.008691,0.747388,0.010765,0.2,0.0,1.9016,0.39686,20000,14
Adult,GB,Random_LF,0.2,auto,0.8548,0.005259,0.773743,0.012152,0.2,0.0,4.0292,-0.010246,20000,14
Adult,LR,Random_LF,0.2,lf,0.8229,0.002289,0.707438,0.006834,0.2,0.0,64.9047,-12.189666,20000,14
Adult,RF,Random_LF,0.2,lf,0.82055,0.008691,0.747388,0.010765,0.2,0.0,1.8391,0.409352,20000,14
Adult,GB,Random_LF,0.2,lf,0.8548,0.005259,0.773743,0.012152,0.2,0.0,3.6897,0.057651,20000,14
Adult,LR,Random_LF,0.25,auto,0.8238,0.002342,0.7074,0.008333,0.25,0.0,123.259,-23.860534,20000,14
Adult,RF,Random_LF,0.25,auto,0.79915,0.004941,0.720492,0.005661,0.25,0.0,1.6625,0.431111,20000,14
Adult,GB,Random_LF,0.25,auto,0.8486,0.005504,0.762252,0.011911,0.25,0.0,4.1771,-0.045702,20000,14
Adult,LR,Random_LF,0.25,lf,0.8238,0.002342,0.7074,0.008333,0.25,0.0,142.0206,-27.61286,20000,14
Adult,RF,Random_LF,0.25,lf,0.79915,0.004941,0.720492,0.005661,0.25,0.0,1.7183,0.419938,20000,14
Adult,GB,Random_LF,0.25,lf,0.8486,0.005504,0.762252,0.011911,0.25,0.0,3.991,-0.008476,20000,14
Adult,LR,Random_LF,0.3,auto,0.82105,0.002671,0.70724,0.007441,0.3,0.0,63.9251,-11.99384,20000,14
Adult,RF,Random_LF,0.3,auto,0.7666,0.006741,0.689668,0.007624,0.3,0.0,1.5768,0.432693,20000,14
Adult,GB,Random_LF,0.3,auto,0.8432,0.005616,0.754668,0.011619,0.3,0.0,4.557,-0.12556,20000,14
Adult,LR,Random_LF,0.3,lf,0.82105,0.002671,0.70724,0.007441,0.3,0.0,65.9453,-12.397881,20000,14
Adult,RF,Random_LF,0.3,lf,0.7666,0.006741,0.689668,0.007624,0.3,0.0,1.3906,0.469935,20000,14
Adult,GB,Random_LF,0.3,lf,0.8432,0.005616,0.754668,0.011619,0.3,0.0,4.3679,-0.087724,20000,14
Adult,LR,Targeted_LF,0.01,auto,0.82295,0.002249,0.71878,0.003865,0.01,0.0,71.6302,-13.528488,20000,14
Adult,RF,Targeted_LF,0.01,auto,0.85595,0.002537,0.789871,0.003829,0.01,0.0,2.7144,0.255732,20000,14
Adult,GB,Targeted_LF,0.01,auto,0.86015,0.004149,0.783898,0.006785,0.01,0.0,4.2722,-0.053658,20000,14
Adult,LR,Targeted_LF,0.01,lf,0.82295,0.002249,0.71878,0.003865,0.01,0.0,47.0427,-8.610977,20000,14
Adult,RF,Targeted_LF,0.01,lf,0.85595,0.002537,0.789871,0.003829,0.01,0.0,2.8416,0.230304,20000,14
Adult,GB,Targeted_LF,0.01,lf,0.86015,0.004149,0.783898,0.006785,0.01,0.0,5.0441,-0.208038,20000,14
Adult,LR,Targeted_LF,0.05,auto,0.8226,0.002813,0.724007,0.004479,0.05,0.0,47.2966,-8.658872,20000,14
Adult,RF,Targeted_LF,0.05,auto,0.8515,0.005876,0.788324,0.008358,0.05,0.0,2.8766,0.222512,20000,14
Adult,GB,Targeted_LF,0.05,auto,0.86005,0.004118,0.787003,0.007638,0.05,0.0,3.8606,0.030265,20000,14
Adult,LR,Targeted_LF,0.05,lf,0.8226,0.002813,0.724007,0.004479,0.05,0.0,105.5053,-20.30062,20000,14
Adult,RF,Targeted_LF,0.05,lf,0.8515,0.005876,0.788324,0.008358,0.05,0.0,2.5298,0.29187,20000,14
Adult,GB,Targeted_LF,0.05,lf,0.86005,0.004118,0.787003,0.007638,0.05,0.0,4.8994,-0.177502,20000,14
Adult,LR,Targeted_LF,0.1,auto,0.822,0.004062,0.733345,0.007676,0.1,0.0,111.1349,-21.42138,20000,14
Adult,RF,Targeted_LF,0.1,auto,0.8446,0.004729,0.7846,0.005831,0.1,0.0,1.9485,0.406261,20000,14
Adult,GB,Targeted_LF,0.1,auto,0.8596,0.003133,0.791395,0.005668,0.1,0.0,4.4967,-0.094725,20000,14
Adult,LR,Targeted_LF,0.1,lf,0.822,0.004062,0.733345,0.007676,0.1,0.0,34.7518,-6.144758,20000,14
Adult,RF,Targeted_LF,0.1,lf,0.8446,0.004729,0.7846,0.005831,0.1,0.0,2.8522,0.225517,20000,14
Adult,GB,Targeted_LF,0.1,lf,0.8596,0.003133,0.791395,0.005668,0.1,0.0,4.0484,-0.005055,20000,14
Adult,LR,Targeted_LF,0.15,auto,0.8181,0.005654,0.73986,0.007882,0.15,0.0,68.7076,-12.932306,20000,14
Adult,RF,Targeted_LF,0.15,auto,0.8355,0.007689,0.7794,0.00996,0.15,0.0,1.5526,0.482804,20000,14
Adult,GB,Targeted_LF,0.15,auto,0.85685,0.005164,0.797406,0.009201,0.15,0.0,4.9914,-0.190573,20000,14
Adult,LR,Targeted_LF,0.15,lf,0.8181,0.005654,0.73986,0.007882,0.15,0.0,80.5799,-15.306763,20000,14
Adult,RF,Targeted_LF,0.15,lf,0.8355,0.007689,0.7794,0.00996,0.15,0.0,1.8427,0.424792,20000,14
Adult,GB,Targeted_LF,0.15,lf,0.85685,0.005164,0.797406,0.009201,0.15,0.0,4.062,-0.004697,20000,14
Adult,LR,Targeted_LF,0.2,auto,0.80845,0.007137,0.742336,0.00788,0.2,0.0,43.5277,-7.894954,20000,14
Adult,RF,Targeted_LF,0.2,auto,0.81715,0.008273,0.7647,0.009103,0.2,0.0,2.4062,0.304666,20000,14
Adult,GB,Targeted_LF,0.2,auto,0.8498,0.005464,0.795955,0.008565,0.2,0.0,3.5606,0.094836,20000,14
Adult,LR,Targeted_LF,0.2,lf,0.80845,0.007137,0.742336,0.00788,0.2,0.0,81.895,-15.568413,20000,14
Adult,RF,Targeted_LF,0.2,lf,0.81715,0.008273,0.7647,0.009103,0.2,0.0,1.4039,0.505131,20000,14
Adult,GB,Targeted_LF,0.2,lf,0.8498,0.005464,0.795955,0.008565,0.2,0.0,4.2626,-0.045564,20000,14
Adult,LR,Targeted_LF,0.25,auto,0.78635,0.006541,0.733746,0.008431,0.25,0.0,61.8916,-11.572487,20000,14
Adult,RF,Targeted_LF,0.25,auto,0.79525,0.005908,0.747485,0.006908,0.25,0.0,1.6893,0.439371,20000,14
Adult,GB,Targeted_LF,0.25,auto,0.8407,0.004892,0.795069,0.007042,0.25,0.0,4.1347,-0.020429,20000,14
Adult,LR,Targeted_LF,0.25,lf,0.78635,0.006541,0.733746,0.008431,0.25,0.0,49.4285,-9.079866,20000,14
Adult,RF,Targeted_LF,0.25,lf,0.79525,0.005908,0.747485,0.006908,0.25,0.0,2.2525,0.326728,20000,14
Adult,GB,Targeted_LF,0.25,lf,0.8407,0.004892,0.795069,0.007042,0.25,0.0,3.308,0.14491,20000,14
Adult,LR,Targeted_LF,0.3,auto,0.7519,0.004221,0.71325,0.004982,0.3,0.0,125.0784,-24.22119,20000,14
Adult,RF,Targeted_LF,0.3,auto,0.7533,0.007184,0.712836,0.007955,0.3,0.0,1.306,0.49853,20000,14
Adult,GB,Targeted_LF,0.3,auto,0.81235,0.005794,0.774282,0.005794,0.3,0.0,4.5616,-0.116455,20000,14
Adult,LR,Targeted_LF,0.3,lf,0.7519,0.004221,0.71325,0.004982,0.3,0.0,69.4017,-13.085836,20000,14
Adult,RF,Targeted_LF,0.3,lf,0.7533,0.007184,0.712836,0.007955,0.3,0.0,1.5391,0.451924,20000,14
Adult,GB,Targeted_LF,0.3,lf,0.81235,0.005794,0.774282,0.005794,0.3,0.0,4.2482,-0.05377,20000,14
SMS_Spam,LR,Random_LF,0.01,auto,0.960179,0.003913,0.915833,0.006776,0.010096,0.0,0.9,0.604127,5572,500
SMS_Spam,RF,Random_LF,0.01,auto,0.979552,0.002433,0.95343,0.005622,0.010096,0.0,0.2302,0.754281,5572,500
SMS_Spam,GB,Random_LF,0.01,auto,0.962511,0.005054,0.910471,0.013098,0.010096,0.0,0.3443,0.73078,5572,500
SMS_Spam,LR,Random_LF,0.01,lf,0.960179,0.003913,0.915833,0.006776,0.010096,0.0,0.8616,0.611807,5572,500
SMS_Spam,RF,Random_LF,0.01,lf,0.979552,0.002433,0.95343,0.005622,0.010096,0.0,0.1875,0.762823,5572,500
SMS_Spam,GB,Random_LF,0.01,lf,0.962511,0.005054,0.910471,0.013098,0.010096,0.0,0.5197,0.695693,5572,500
SMS_Spam,LR,Random_LF,0.05,auto,0.95139,0.005118,0.896589,0.011093,0.050079,9e-05,1.1481,0.546422,5572,500
SMS_Spam,RF,Random_LF,0.05,auto,0.972197,0.003971,0.936846,0.009718,0.050079,9e-05,0.0717,0.779021,5572,500
SMS_Spam,GB,Random_LF,0.05,auto,0.958924,0.004445,0.90143,0.012562,0.050079,9e-05,0.2912,0.737426,5572,500
SMS_Spam,LR,Random_LF,0.05,lf,0.95139,0.005118,0.896589,0.011093,0.050079,9e-05,0.6877,0.638514,5572,500
SMS_Spam,RF,Random_LF,0.05,lf,0.972197,0.003971,0.936846,0.009718,0.050079,9e-05,0.0702,0.779321,5572,500
SMS_Spam,GB,Random_LF,0.05,lf,0.958924,0.004445,0.90143,0.012562,0.050079,9e-05,0.3616,0.723353,5572,500
SMS_Spam,LR,Random_LF,0.1,auto,0.93722,0.010581,0.868784,0.021073,0.100067,0.0,1.4448,0.475433,5572,500
SMS_Spam,RF,Random_LF,0.1,auto,0.964484,0.004191,0.9204,0.011186,0.100067,0.0,0.0074,0.784974,5572,500
SMS_Spam,GB,Random_LF,0.1,auto,0.957309,0.003138,0.89759,0.009105,0.100067,0.0,0.4322,0.707537,5572,500
SMS_Spam,LR,Random_LF,0.1,lf,0.93722,0.010581,0.868784,0.021073,0.100067,0.0,1.0364,0.557102,5572,500
SMS_Spam,RF,Random_LF,0.1,lf,0.964484,0.004191,0.9204,0.011186,0.100067,0.0,0.08,0.770452,5572,500
SMS_Spam,GB,Random_LF,0.1,lf,0.957309,0.003138,0.89759,0.009105,0.100067,0.0,0.1566,0.762664,5572,500
SMS_Spam,LR,Random_LF,0.15,auto,0.921076,0.009742,0.839884,0.016594,0.150191,0.00011,1.3131,0.489646,5572,500
SMS_Spam,RF,Random_LF,0.15,auto,0.951211,0.009636,0.891617,0.022994,0.150191,0.00011,0.079,0.758564,5572,500
SMS_Spam,GB,Random_LF,0.15,auto,0.950135,0.005965,0.877242,0.017306,0.150191,0.00011,0.047,0.775659,5572,500
SMS_Spam,LR,Random_LF,0.15,lf,0.921076,0.009742,0.839884,0.016594,0.150191,0.00011,2.1051,0.331241,5572,500
SMS_Spam,RF,Random_LF,0.15,lf,0.951211,0.009636,0.891617,0.022994,0.150191,0.00011,0.0442,0.765535,5572,500
SMS_Spam,GB,Random_LF,0.15,lf,0.950135,0.005965,0.877242,0.017306,0.150191,0.00011,0.1859,0.747863,5572,500
SMS_Spam,LR,Random_LF,0.2,auto,0.895247,0.005423,0.797105,0.010664,0.200135,0.0,1.2267,0.488979,5572,500
SMS_Spam,RF,Random_LF,0.2,auto,0.937578,0.007748,0.864156,0.014314,0.200135,0.0,-0.0578,0.774392,5572,500
SMS_Spam,GB,Random_LF,0.2,auto,0.946726,0.00383,0.868353,0.011668,0.200135,0.0,0.2385,0.733443,5572,500
SMS_Spam,LR,Random_LF,0.2,lf,0.895247,0.005423,0.797105,0.010664,0.200135,0.0,1.739,0.386525,5572,500
SMS_Spam,RF,Random_LF,0.2,lf,0.937578,0.007748,0.864156,0.014314,0.200135,0.0,-0.0397,0.770783,5572,500
SMS_Spam,GB,Random_LF,0.2,lf,0.946726,0.00383,0.868353,0.011668,0.200135,0.0,0.0954,0.762068,5572,500
SMS_Spam,LR,Random_LF,0.25,auto,0.858296,0.001965,0.743267,0.004318,0.250168,0.0,1.8455,0.342651,5572,500
SMS_Spam,RF,Random_LF,0.25,auto,0.918027,0.004114,0.827668,0.005692,0.250168,0.0,-0.0864,0.764802,5572,500
SMS_Spam,GB,Random_LF,0.25,auto,0.937937,0.004516,0.844775,0.010154,0.250168,0.0,0.1231,0.746182,5572,500
SMS_Spam,LR,Random_LF,0.25,lf,0.858296,0.001965,0.743267,0.004318,0.250168,0.0,1.7856,0.354632,5572,500
SMS_Spam,RF,Random_LF,0.25,lf,0.918027,0.004114,0.827668,0.005692,0.250168,0.0,-0.0578,0.759084,5572,500
SMS_Spam,GB,Random_LF,0.25,lf,0.937937,0.004516,0.844775,0.010154,0.250168,0.0,0.0608,0.75864,5572,500
SMS_Spam,LR,Random_LF,0.3,auto,0.80861,0.006654,0.679612,0.010324,0.299978,0.0,1.9685,0.291347,5572,500
SMS_Spam,RF,Random_LF,0.3,auto,0.886278,0.006793,0.770398,0.015928,0.299978,0.0,-0.1296,0.749383,5572,500
SMS_Spam,GB,Random_LF,0.3,auto,0.918924,0.005124,0.782608,0.016759,0.299978,0.0,0.0103,0.74146,5572,500
SMS_Spam,LR,Random_LF,0.3,lf,0.80861,0.006654,0.679612,0.010324,0.299978,0.0,1.9759,0.289857,5572,500
SMS_Spam,RF,Random_LF,0.3,lf,0.886278,0.006793,0.770398,0.015928,0.299978,0.0,-0.1037,0.74421,5572,500
SMS_Spam,GB,Random_LF,0.3,lf,0.918924,0.005124,0.782608,0.016759,0.299978,0.0,0.0204,0.739438,5572,500
SMS_Spam,LR,Targeted_LF,0.01,auto,0.959641,0.002836,0.915719,0.004637,0.010096,0.0,0.8945,0.605175,5572,500
SMS_Spam,RF,Targeted_LF,0.01,auto,0.980269,0.003158,0.955096,0.007666,0.010096,0.0,0.3367,0.733682,5572,500
SMS_Spam,GB,Targeted_LF,0.01,auto,0.963408,0.004067,0.913126,0.010617,0.010096,0.0,0.395,0.721808,5572,500
SMS_Spam,LR,Targeted_LF,0.01,lf,0.959641,0.002836,0.915719,0.004637,0.010096,0.0,0.9046,0.603151,5572,500
SMS_Spam,RF,Targeted_LF,0.01,lf,0.980269,0.003158,0.955096,0.007666,0.010096,0.0,0.3212,0.73678,5572,500
SMS_Spam,GB,Targeted_LF,0.01,lf,0.963408,0.004067,0.913126,0.010617,0.010096,0.0,0.3843,0.723931,5572,500
SMS_Spam,LR,Targeted_LF,0.05,auto,0.956592,0.006482,0.910477,0.011048,0.050079,9e-05,0.9256,0.596766,5572,500
SMS_Spam,RF,Targeted_LF,0.05,auto,0.976323,0.00423,0.94674,0.010548,0.050079,9e-05,0.1716,0.763199,5572,500
SMS_Spam,GB,Targeted_LF,0.05,auto,0.96287,0.003702,0.913742,0.01,0.050079,9e-05,0.2976,0.74155,5572,500
SMS_Spam,LR,Targeted_LF,0.05,lf,0.956592,0.006482,0.910477,0.011048,0.050079,9e-05,1.2429,0.533287,5572,500
SMS_Spam,RF,Targeted_LF,0.05,lf,0.976323,0.00423,0.94674,0.010548,0.050079,9e-05,0.1552,0.766483,5572,500
SMS_Spam,GB,Targeted_LF,0.05,lf,0.96287,0.003702,0.913742,0.01,0.050079,9e-05,0.3094,0.739191,5572,500
SMS_Spam,LR,Targeted_LF,0.1,auto,0.942242,0.008762,0.885103,0.01466,0.100067,0.0,0.9809,0.575047,5572,500
SMS_Spam,RF,Targeted_LF,0.1,auto,0.969507,0.004912,0.933849,0.010561,0.100067,0.0,0.0612,0.779852,5572,500
SMS_Spam,GB,Targeted_LF,0.1,auto,0.96287,0.003524,0.915018,0.00843,0.100067,0.0,0.2331,0.755004,5572,500
SMS_Spam,LR,Targeted_LF,0.1,lf,0.942242,0.008762,0.885103,0.01466,0.100067,0.0,1.2348,0.524277,5572,500
SMS_Spam,RF,Targeted_LF,0.1,lf,0.969507,0.004912,0.933849,0.010561,0.100067,0.0,0.0722,0.777659,5572,500
SMS_Spam,GB,Targeted_LF,0.1,lf,0.96287,0.003524,0.915018,0.00843,0.100067,0.0,0.2197,0.757699,5572,500
SMS_Spam,LR,Targeted_LF,0.15,auto,0.930762,0.008922,0.866121,0.013466,0.150191,0.00011,0.8294,0.597402,5572,500
SMS_Spam,RF,Targeted_LF,0.15,auto,0.962332,0.004879,0.920473,0.010501,0.150191,0.00011,0.0116,0.784171,5572,500
SMS_Spam,GB,Targeted_LF,0.15,auto,0.961256,0.004106,0.912042,0.010299,0.150191,0.00011,0.1851,0.763304,5572,500
SMS_Spam,LR,Targeted_LF,0.15,lf,0.930762,0.008922,0.866121,0.013466,0.150191,0.00011,1.263,0.510675,5572,500
SMS_Spam,RF,Targeted_LF,0.15,lf,0.962332,0.004879,0.920473,0.010501,0.150191,0.00011,0.0198,0.782522,5572,500
SMS_Spam,GB,Targeted_LF,0.15,lf,0.961256,0.004106,0.912042,0.010299,0.150191,0.00011,0.1586,0.768613,5572,500
SMS_Spam,LR,Targeted_LF,0.2,auto,0.902601,0.007665,0.825044,0.010727,0.200135,0.0,0.8083,0.584385,5572,500
SMS_Spam,RF,Targeted_LF,0.2,auto,0.949776,0.007961,0.898125,0.013257,0.200135,0.0,-0.0128,0.779659,5572,500
SMS_Spam,GB,Targeted_LF,0.2,auto,0.95713,0.004657,0.903705,0.010606,0.200135,0.0,0.1271,0.771242,5572,500
SMS_Spam,LR,Targeted_LF,0.2,lf,0.902601,0.007665,0.825044,0.010727,0.200135,0.0,1.0764,0.530773,5572,500
SMS_Spam,RF,Targeted_LF,0.2,lf,0.949776,0.007961,0.898125,0.013257,0.200135,0.0,-0.0454,0.786185,5572,500
SMS_Spam,GB,Targeted_LF,0.2,lf,0.95713,0.004657,0.903705,0.010606,0.200135,0.0,0.1362,0.769431,5572,500
SMS_Spam,LR,Targeted_LF,0.25,auto,0.856143,0.012742,0.766254,0.013908,0.250168,0.0,0.9655,0.528282,5572,500
SMS_Spam,RF,Targeted_LF,0.25,auto,0.933812,0.011699,0.87303,0.016916,0.250168,0.0,-0.0559,0.777751,5572,500
SMS_Spam,GB,Targeted_LF,0.25,auto,0.955157,0.007308,0.901713,0.013492,0.250168,0.0,0.0626,0.783277,5572,500
SMS_Spam,LR,Targeted_LF,0.25,lf,0.856143,0.012742,0.766254,0.013908,0.250168,0.0,0.7106,0.579257,5572,500
SMS_Spam,RF,Targeted_LF,0.25,lf,0.933812,0.011699,0.87303,0.016916,0.250168,0.0,-0.0554,0.777646,5572,500
SMS_Spam,GB,Targeted_LF,0.25,lf,0.955157,0.007308,0.901713,0.013492,0.250168,0.0,0.0773,0.780329,5572,500
SMS_Spam,LR,Targeted_LF,0.3,auto,0.808789,0.01423,0.716896,0.012535,0.299978,0.0,1.0682,0.487035,5572,500
SMS_Spam,RF,Targeted_LF,0.3,auto,0.904933,0.015513,0.83202,0.01969,0.299978,0.0,-0.1222,0.773788,5572,500
SMS_Spam,GB,Targeted_LF,0.3,auto,0.947623,0.011906,0.891291,0.01831,0.299978,0.0,0.0164,0.787943,5572,500
SMS_Spam,LR,Targeted_LF,0.3,lf,0.808789,0.01423,0.716896,0.012535,0.299978,0.0,0.9329,0.514106,5572,500
SMS_Spam,RF,Targeted_LF,0.3,lf,0.904933,0.015513,0.83202,0.01969,0.299978,0.0,-0.0717,0.763694,5572,500
SMS_Spam,GB,Targeted_LF,0.3,lf,0.947623,0.011906,0.891291,0.01831,0.299978,0.0,-0.0046,0.792142,5572,500
MNIST,LR,Random_LF,0.01,auto,0.8705,0.006666,0.870399,0.00668,0.01,0.0,0.5159,0.694869,8000,784
MNIST,RF,Random_LF,0.01,auto,0.958125,0.002437,0.95812,0.002436,0.01,0.0,0.6228,0.67524,8000,784
MNIST,GB,Random_LF,0.01,auto,0.92325,0.001335,0.92324,0.001331,0.01,0.0,0.1707,0.766341,8000,784
MNIST,LR,Random_LF,0.01,lf,0.8705,0.006666,0.870399,0.00668,0.01,0.0,0.6108,0.675898,8000,784
MNIST,RF,Random_LF,0.01,lf,0.958125,0.002437,0.95812,0.002436,0.01,0.0,0.7206,0.655672,8000,784
MNIST,GB,Random_LF,0.01,lf,0.92325,0.001335,0.92324,0.001331,0.01,0.0,0.1392,0.772655,8000,784
MNIST,LR,Random_LF,0.05,auto,0.8575,0.006824,0.857369,0.006783,0.05,0.0,0.5171,0.688664,8000,784
MNIST,RF,Random_LF,0.05,auto,0.95925,0.00341,0.959245,0.003411,0.05,0.0,0.5868,0.682891,8000,784
MNIST,GB,Random_LF,0.05,auto,0.926,0.003614,0.925979,0.003616,0.05,0.0,0.0966,0.782358,8000,784
MNIST,LR,Random_LF,0.05,lf,0.8575,0.006824,0.857369,0.006783,0.05,0.0,0.4962,0.692854,8000,784
MNIST,RF,Random_LF,0.05,lf,0.95925,0.00341,0.959245,0.003411,0.05,0.0,0.5886,0.682544,8000,784
MNIST,GB,Random_LF,0.05,lf,0.926,0.003614,0.925979,0.003616,0.05,0.0,0.0804,0.785602,8000,784
MNIST,LR,Random_LF,0.1,auto,0.83875,0.008225,0.838637,0.008259,0.1,0.0,0.4523,0.693056,8000,784
MNIST,RF,Random_LF,0.1,auto,0.95375,0.002129,0.953748,0.002128,0.1,0.0,0.4724,0.703488,8000,784
MNIST,GB,Random_LF,0.1,auto,0.920875,0.005884,0.920849,0.005894,0.1,0.0,0.0146,0.796537,8000,784
MNIST,LR,Random_LF,0.1,lf,0.83875,0.008225,0.838637,0.008259,0.1,0.0,0.481,0.687325,8000,784
MNIST,RF,Random_LF,0.1,lf,0.95375,0.002129,0.953748,0.002128,0.1,0.0,0.4777,0.702427,8000,784
MNIST,GB,Random_LF,0.1,lf,0.920875,0.005884,0.920849,0.005894,0.1,0.0,0.02,0.795454,8000,784
MNIST,LR,Random_LF,0.15,auto,0.820625,0.002932,0.820505,0.002894,0.15,0.0,0.508,0.67363,8000,784
MNIST,RF,Random_LF,0.15,auto,0.947625,0.003941,0.947622,0.00394,0.15,0.0,0.3692,0.721569,8000,784
MNIST,GB,Random_LF,0.15,auto,0.915,0.004524,0.914973,0.004522,0.15,0.0,-0.0593,0.808757,8000,784
MNIST,LR,Random_LF,0.15,lf,0.820625,0.002932,0.820505,0.002894,0.15,0.0,0.5272,0.669791,8000,784
MNIST,RF,Random_LF,0.15,lf,0.947625,0.003941,0.947622,0.00394,0.15,0.0,0.4663,0.702159,8000,784
MNIST,GB,Random_LF,0.15,lf,0.915,0.004524,0.914973,0.004522,0.15,0.0,-0.0304,0.802975,8000,784
MNIST,LR,Random_LF,0.2,auto,0.794875,0.010371,0.794602,0.010244,0.2,0.0,0.4066,0.682073,8000,784
MNIST,RF,Random_LF,0.2,auto,0.93625,0.004419,0.936241,0.004422,0.2,0.0,0.3451,0.721648,8000,784
MNIST,GB,Random_LF,0.2,auto,0.90375,0.004384,0.90368,0.004397,0.2,0.0,-0.0974,0.811482,8000,784
MNIST,LR,Random_LF,0.2,lf,0.794875,0.010371,0.794602,0.010244,0.2,0.0,0.4212,0.679142,8000,784
MNIST,RF,Random_LF,0.2,lf,0.93625,0.004419,0.936241,0.004422,0.2,0.0,0.3235,0.725954,8000,784
MNIST,GB,Random_LF,0.2,lf,0.90375,0.004384,0.90368,0.004397,0.2,0.0,-0.0942,0.810835,8000,784
MNIST,LR,Random_LF,0.25,auto,0.765875,0.009309,0.765373,0.009149,0.25,0.0,0.4578,0.658456,8000,784
MNIST,RF,Random_LF,0.25,auto,0.91125,0.009454,0.911237,0.00945,0.25,0.0,0.2715,0.725937,8000,784
MNIST,GB,Random_LF,0.25,auto,0.883375,0.009326,0.883255,0.009323,0.25,0.0,-0.1523,0.813597,8000,784
MNIST,LR,Random_LF,0.25,lf,0.765875,0.009309,0.765373,0.009149,0.25,0.0,0.5193,0.646156,8000,784
MNIST,RF,Random_LF,0.25,lf,0.91125,0.009454,0.911237,0.00945,0.25,0.0,0.2735,0.725526,8000,784
MNIST,GB,Random_LF,0.25,lf,0.883375,0.009326,0.883255,0.009323,0.25,0.0,-0.15,0.813146,8000,784
MNIST,LR,Random_LF,0.3,auto,0.735625,0.006312,0.734928,0.006629,0.3,0.0,0.4148,0.653138,8000,784
MNIST,RF,Random_LF,0.3,auto,0.870375,0.016558,0.870229,0.016729,0.3,0.0,0.2158,0.719957,8000,784
MNIST,GB,Random_LF,0.3,auto,0.858625,0.02134,0.858226,0.021859,0.3,0.0,-0.2066,0.813598,8000,784
MNIST,LR,Random_LF,0.3,lf,0.735625,0.006312,0.734928,0.006629,0.3,0.0,0.4558,0.644926,8000,784
MNIST,RF,Random_LF,0.3,lf,0.870375,0.016558,0.870229,0.016729,0.3,0.0,0.1029,0.742531,8000,784
MNIST,GB,Random_LF,0.3,lf,0.858625,0.02134,0.858226,0.021859,0.3,0.0,-0.2217,0.816626,8000,784
MNIST,LR,Targeted_LF,0.01,auto,0.87,0.005463,0.869898,0.00552,0.01,0.0,0.5386,0.690095,8000,784
MNIST,RF,Targeted_LF,0.01,auto,0.959,0.003504,0.958992,0.003505,0.01,0.0,0.704,0.659356,8000,784
MNIST,GB,Targeted_LF,0.01,auto,0.924375,0.003933,0.92436,0.003942,0.01,0.0,0.1626,0.768456,8000,784
MNIST,LR,Targeted_LF,0.01,lf,0.87,0.005463,0.869898,0.00552,0.01,0.0,0.4563,0.706551,8000,784
MNIST,RF,Targeted_LF,0.01,lf,0.959,0.003504,0.958992,0.003505,0.01,0.0,0.6721,0.665725,8000,784
MNIST,GB,Targeted_LF,0.01,lf,0.924375,0.003933,0.92436,0.003942,0.01,0.0,0.1319,0.774589,8000,784
MNIST,LR,Targeted_LF,0.05,auto,0.859875,0.002449,0.85952,0.00253,0.05,0.0,0.6587,0.661326,8000,784
MNIST,RF,Targeted_LF,0.05,auto,0.958125,0.001936,0.95811,0.001936,0.05,0.0,0.6156,0.676669,8000,784
MNIST,GB,Targeted_LF,0.05,auto,0.92225,0.003593,0.92219,0.003587,0.05,0.0,0.1095,0.778138,8000,784
MNIST,LR,Targeted_LF,0.05,lf,0.859875,0.002449,0.85952,0.00253,0.05,0.0,0.6194,0.669201,8000,784
MNIST,RF,Targeted_LF,0.05,lf,0.958125,0.001936,0.95811,0.001936,0.05,0.0,0.5503,0.68973,8000,784
MNIST,GB,Targeted_LF,0.05,lf,0.92225,0.003593,0.92219,0.003587,0.05,0.0,0.0829,0.78345,8000,784
MNIST,LR,Targeted_LF,0.1,auto,0.85,0.002984,0.849246,0.003062,0.1,0.0,0.4843,0.691512,8000,784
MNIST,RF,Targeted_LF,0.1,auto,0.957875,0.00264,0.957843,0.002642,0.1,0.0,0.5404,0.691591,8000,784
MNIST,GB,Targeted_LF,0.1,auto,0.918875,0.004,0.918713,0.004014,0.1,0.0,0.023,0.793923,8000,784
MNIST,LR,Targeted_LF,0.1,lf,0.85,0.002984,0.849246,0.003062,0.1,0.0,0.6477,0.65884,8000,784
MNIST,RF,Targeted_LF,0.1,lf,0.957875,0.00264,0.957843,0.002642,0.1,0.0,0.5284,0.69399,8000,784
MNIST,GB,Targeted_LF,0.1,lf,0.918875,0.004,0.918713,0.004014,0.1,0.0,0.0332,0.791881,8000,784
MNIST,LR,Targeted_LF,0.15,auto,0.833125,0.007267,0.831666,0.007459,0.15,0.0,0.5224,0.675854,8000,784
MNIST,RF,Targeted_LF,0.15,auto,0.946875,0.005274,0.946767,0.005319,0.15,0.0,0.4764,0.699764,8000,784
MNIST,GB,Targeted_LF,0.15,auto,0.908375,0.006478,0.907972,0.006575,0.15,0.0,-0.0368,0.801226,8000,784
MNIST,LR,Targeted_LF,0.15,lf,0.833125,0.007267,0.831666,0.007459,0.15,0.0,0.5108,0.678171,8000,784
MNIST,RF,Targeted_LF,0.15,lf,0.946875,0.005274,0.946767,0.005319,0.15,0.0,0.4878,0.697501,8000,784
MNIST,GB,Targeted_LF,0.15,lf,0.908375,0.006478,0.907972,0.006575,0.15,0.0,-0.0302,0.799908,8000,784
MNIST,LR,Targeted_LF,0.2,auto,0.809,0.009199,0.805894,0.009441,0.2,0.0,0.5656,0.655432,8000,784
MNIST,RF,Targeted_LF,0.2,auto,0.9305,0.005022,0.930204,0.005073,0.2,0.0,0.3337,0.721412,8000,784
MNIST,GB,Targeted_LF,0.2,auto,0.8915,0.006157,0.890624,0.006309,0.2,0.0,-0.1069,0.80772,8000,784
MNIST,LR,Targeted_LF,0.2,lf,0.809,0.009199,0.805894,0.009441,0.2,0.0,0.6071,0.647139,8000,784
MNIST,RF,Targeted_LF,0.2,lf,0.9305,0.005022,0.930204,0.005073,0.2,0.0,0.3752,0.713103,8000,784
MNIST,GB,Targeted_LF,0.2,lf,0.8915,0.006157,0.890624,0.006309,0.2,0.0,-0.0944,0.805218,8000,784
MNIST,LR,Targeted_LF,0.25,auto,0.791375,0.007098,0.786332,0.007318,0.25,0.0,0.4022,0.679159,8000,784
MNIST,RF,Targeted_LF,0.25,auto,0.902875,0.00599,0.901878,0.006187,0.25,0.0,0.3255,0.711229,8000,784
MNIST,GB,Targeted_LF,0.25,auto,0.8645,0.006039,0.86236,0.006326,0.25,0.0,-0.1719,0.808456,8000,784
MNIST,LR,Targeted_LF,0.25,lf,0.791375,0.007098,0.786332,0.007318,0.25,0.0,0.3976,0.680091,8000,784
MNIST,RF,Targeted_LF,0.25,lf,0.902875,0.00599,0.901878,0.006187,0.25,0.0,0.3585,0.70463,8000,784
MNIST,GB,Targeted_LF,0.25,lf,0.8645,0.006039,0.86236,0.006326,0.25,0.0,-0.1565,0.805381,8000,784
MNIST,LR,Targeted_LF,0.3,auto,0.768375,0.008164,0.760631,0.008654,0.3,0.0,0.4275,0.662355,8000,784
MNIST,RF,Targeted_LF,0.3,auto,0.859875,0.009877,0.856733,0.010465,0.3,0.0,0.2812,0.701255,8000,784
MNIST,GB,Targeted_LF,0.3,auto,0.834375,0.012216,0.829947,0.01329,0.3,0.0,-0.2112,0.802252,8000,784
MNIST,LR,Targeted_LF,0.3,lf,0.768375,0.008164,0.760631,0.008654,0.3,0.0,0.3325,0.681355,8000,784
MNIST,RF,Targeted_LF,0.3,lf,0.859875,0.009877,0.856733,0.010465,0.3,0.0,0.2766,0.702173,8000,784
MNIST,GB,Targeted_LF,0.3,lf,0.834375,0.012216,0.829947,0.01329,0.3,0.0,-0.2139,0.802799,8000,784
