dataset,model,attack_type,epsilon,defense_profile,acc_mean,acc_std,f1_mean,f1_std,asr_mean,asr_std,removal_rate_mean,removal_rate_std,time_ratio_mean,I_score,n_samples,n_features
UNSW-NB15,LR,Backdoor,0.01,auto,,,0.987,,0.9165,,0.01,,,0.3277,,
UNSW-NB15,RF,Backdoor,0.01,auto,,,1.0,,0.978,,0.01,,,0.2313,,
UNSW-NB15,GB,Backdoor,0.01,auto,,,0.9993,,1.0,,0.01,,,0.2933,,
UNSW-NB15,LR,Backdoor,0.01,backdoor,,,0.987,,0.9165,,0.01,,,0.3016,,
UNSW-NB15,RF,Backdoor,0.01,backdoor,,,1.0,,0.978,,0.01,,,0.2551,,
UNSW-NB15,GB,Backdoor,0.01,backdoor,,,0.9993,,1.0,,0.01,,,0.287,,
UNSW-NB15,LR,Backdoor,0.05,auto,,,0.9843,,0.9548,,0.05,,,0.2938,,
UNSW-NB15,RF,Backdoor,0.05,auto,,,1.0,,0.9908,,0.05,,,0.1987,,
UNSW-NB15,GB,Backdoor,0.05,auto,,,0.9989,,0.9988,,0.05,,,0.2548,,
UNSW-NB15,LR,Backdoor,0.05,backdoor,,,0.9843,,0.9548,,0.05,,,0.3124,,
UNSW-NB15,RF,Backdoor,0.05,backdoor,,,1.0,,0.9908,,0.05,,,0.1911,,
UNSW-NB15,GB,Backdoor,0.05,backdoor,,,0.9989,,0.9988,,0.05,,,0.3198,,
UNSW-NB15,LR,Backdoor,0.1,auto,,,0.9827,,0.9755,,0.1,,,0.3488,,
UNSW-NB15,RF,Backdoor,0.1,auto,,,1.0,,0.9978,,0.1,,,0.1673,,
UNSW-NB15,GB,Backdoor,0.1,auto,,,0.9975,,1.0,,0.1,,,0.3209,,
UNSW-NB15,LR,Backdoor,0.1,backdoor,,,0.9827,,0.9755,,0.1,,,0.3164,,
UNSW-NB15,RF,Backdoor,0.1,backdoor,,,1.0,,0.9978,,0.1,,,0.2685,,
UNSW-NB15,GB,Backdoor,0.1,backdoor,,,0.9975,,1.0,,0.1,,,0.3461,,
UNSW-NB15,LR,Backdoor,0.15,auto,,,0.98,,0.9805,,0.15,,,0.4348,,
UNSW-NB15,RF,Backdoor,0.15,auto,,,0.9998,,0.9996,,0.15,,,0.2526,,
UNSW-NB15,GB,Backdoor,0.15,auto,,,0.995,,1.0,,0.15,,,0.3474,,
UNSW-NB15,LR,Backdoor,0.15,backdoor,,,0.98,,0.9805,,0.15,,,0.4578,,
UNSW-NB15,RF,Backdoor,0.15,backdoor,,,0.9998,,0.9996,,0.15,,,0.2284,,
UNSW-NB15,GB,Backdoor,0.15,backdoor,,,0.995,,1.0,,0.15,,,0.3069,,
UNSW-NB15,LR,Backdoor,0.2,auto,,,0.9808,,0.9794,,0.2,,,0.4199,,
UNSW-NB15,RF,Backdoor,0.2,auto,,,0.9996,,0.9992,,0.2,,,0.2007,,
UNSW-NB15,GB,Backdoor,0.2,auto,,,0.9972,,1.0,,0.2,,,0.3839,,
UNSW-NB15,LR,Backdoor,0.2,backdoor,,,0.9808,,0.9794,,0.2,,,0.4571,,
UNSW-NB15,RF,Backdoor,0.2,backdoor,,,0.9996,,0.9992,,0.2,,,0.2041,,
UNSW-NB15,GB,Backdoor,0.2,backdoor,,,0.9972,,1.0,,0.2,,,0.3043,,
UNSW-NB15,LR,Backdoor,0.25,auto,,,0.9778,,0.9821,,0.25,,,0.4091,,
UNSW-NB15,RF,Backdoor,0.25,auto,,,0.9996,,0.9995,,0.25,,,0.2428,,
UNSW-NB15,GB,Backdoor,0.25,auto,,,0.9942,,1.0,,0.25,,,0.3721,,
UNSW-NB15,LR,Backdoor,0.25,backdoor,,,0.9778,,0.9821,,0.25,,,0.4753,,
UNSW-NB15,RF,Backdoor,0.25,backdoor,,,0.9996,,0.9995,,0.25,,,0.2789,,
UNSW-NB15,GB,Backdoor,0.25,backdoor,,,0.9942,,1.0,,0.25,,,0.341,,
UNSW-NB15,LR,Backdoor,0.3,auto,,,0.9776,,0.9775,,0.3,,,0.4576,,
UNSW-NB15,RF,Backdoor,0.3,auto,,,0.9989,,0.9997,,0.3,,,0.2816,,
UNSW-NB15,GB,Backdoor,0.3,auto,,,0.9945,,1.0,,0.3,,,0.3639,,
UNSW-NB15,LR,Backdoor,0.3,backdoor,,,0.9776,,0.9775,,0.3,,,0.461,,
UNSW-NB15,RF,Backdoor,0.3,backdoor,,,0.9989,,0.9997,,0.3,,,0.2624,,
UNSW-NB15,GB,Backdoor,0.3,backdoor,,,0.9945,,1.0,,0.3,,,0.3509,,
Adult,LR,Backdoor,0.01,auto,,,0.7236,,0.6593,,0.01,,,-15.4796,,
Adult,RF,Backdoor,0.01,auto,,,0.7934,,0.9996,,0.01,,,-0.8176,,
Adult,GB,Backdoor,0.01,auto,,,0.7819,,0.9999,,0.01,,,-1.6865,,
Adult,LR,Backdoor,0.01,backdoor,,,0.7236,,0.6593,,0.01,,,-18.4279,,
Adult,RF,Backdoor,0.01,backdoor,,,0.7934,,0.9996,,0.01,,,-0.8433,,
Adult,GB,Backdoor,0.01,backdoor,,,0.7819,,0.9999,,0.01,,,-1.4872,,
Adult,LR,Backdoor,0.05,auto,,,0.7255,,0.89,,0.05,,,-12.4123,,
Adult,RF,Backdoor,0.05,auto,,,0.7938,,1.0,,0.05,,,-0.7361,,
Adult,GB,Backdoor,0.05,auto,,,0.7835,,1.0,,0.05,,,-1.3894,,
Adult,LR,Backdoor,0.05,backdoor,,,0.7255,,0.89,,0.05,,,-13.2425,,
Adult,RF,Backdoor,0.05,backdoor,,,0.7938,,1.0,,0.05,,,-0.8206,,
Adult,GB,Backdoor,0.05,backdoor,,,0.7835,,1.0,,0.05,,,-1.5861,,
Adult,LR,Backdoor,0.1,auto,,,0.7292,,0.9586,,0.1,,,-15.8418,,
Adult,RF,Backdoor,0.1,auto,,,0.7934,,1.0,,0.1,,,-0.7291,,
Adult,GB,Backdoor,0.1,auto,,,0.7859,,1.0,,0.1,,,-1.3995,,
Adult,LR,Backdoor,0.1,backdoor,0.8175,0.007168,0.72282,0.009531,0.946895,0.040175,0.1,0.0,66.2067,-12.820315,20000,14
Adult,RF,Backdoor,0.1,backdoor,0.8529,0.004389,0.788409,0.005791,1.0,0.0,0.1,0.0,2.6145,-0.125015,20000,14
Adult,GB,Backdoor,0.1,backdoor,0.8584,0.004412,0.782598,0.008988,1.0,0.0,0.1,0.0,4.2081,-0.441492,20000,14
Adult,LR,Backdoor,0.15,auto,0.81575,0.007073,0.724704,0.009286,0.977128,0.017762,0.15,0.0,109.5228,-21.494587,20000,14
Adult,RF,Backdoor,0.15,auto,0.8538,0.003696,0.792213,0.005315,1.0,0.0,0.15,0.0,2.9818,-0.19657,20000,14
Adult,GB,Backdoor,0.15,auto,0.85835,0.003897,0.78741,0.006511,1.0,0.0,0.15,0.0,4.2713,-0.451665,20000,14
Adult,LR,Backdoor,0.15,backdoor,0.81575,0.007073,0.724704,0.009286,0.977128,0.017762,0.15,0.0,60.2444,-11.638906,20000,14
Adult,RF,Backdoor,0.15,backdoor,0.8538,0.003696,0.792213,0.005315,1.0,0.0,0.15,0.0,2.729,-0.146002,20000,14
Adult,GB,Backdoor,0.15,backdoor,0.85835,0.003897,0.78741,0.006511,1.0,0.0,0.15,0.0,2.7059,-0.138586,20000,14
Adult,LR,Backdoor,0.2,auto,0.8143,0.008533,0.727277,0.010858,0.990273,0.008531,0.2,0.0,55.9548,-10.784806,20000,14
Adult,RF,Backdoor,0.2,auto,0.85095,0.003979,0.790837,0.005914,1.0,0.0,0.2,0.0,2.3761,-0.076109,20000,14
Adult,GB,Backdoor,0.2,auto,0.8585,0.004588,0.791769,0.007301,1.0,0.0,0.2,0.0,3.7297,-0.341129,20000,14
Adult,LR,Backdoor,0.2,backdoor,0.8143,0.008533,0.727277,0.010858,0.990273,0.008531,0.2,0.0,100.3118,-19.656207,20000,14
Adult,RF,Backdoor,0.2,backdoor,0.85095,0.003979,0.790837,0.005914,1.0,0.0,0.2,0.0,2.5663,-0.114167,20000,14
Adult,GB,Backdoor,0.2,backdoor,0.8585,0.004588,0.791769,0.007301,1.0,0.0,0.2,0.0,2.7875,-0.152689,20000,14
Adult,LR,Backdoor,0.25,auto,0.81265,0.007431,0.730639,0.010348,0.997042,0.002554,0.25,0.0,84.8963,-16.57396,20000,14
Adult,RF,Backdoor,0.25,auto,0.84885,0.005137,0.79065,0.006811,1.0,0.0,0.25,0.0,2.627,-0.1264,20000,14
Adult,GB,Backdoor,0.25,auto,0.85765,0.005115,0.794988,0.006643,1.0,0.0,0.25,0.0,3.9525,-0.384034,20000,14
Adult,LR,Backdoor,0.25,backdoor,0.81265,0.007431,0.730639,0.010348,0.997042,0.002554,0.25,0.0,42.9539,-8.185486,20000,14
Adult,RF,Backdoor,0.25,backdoor,0.84885,0.005137,0.79065,0.006811,1.0,0.0,0.25,0.0,1.8432,0.030363,20000,14
Adult,GB,Backdoor,0.25,backdoor,0.85765,0.005115,0.794988,0.006643,1.0,0.0,0.25,0.0,2.6217,-0.117872,20000,14
Adult,LR,Backdoor,0.3,auto,0.81,0.007508,0.732206,0.01062,0.997765,0.002657,0.3,0.0,35.3279,-6.659708,20000,14
Adult,RF,Backdoor,0.3,auto,0.84435,0.005428,0.787048,0.008414,1.0,0.0,0.3,0.0,2.4365,-0.090109,20000,14
Adult,GB,Backdoor,0.3,auto,0.855,0.006205,0.795668,0.008831,1.0,0.0,0.3,0.0,3.9141,-0.376013,20000,14
Adult,LR,Backdoor,0.3,backdoor,0.81,0.007508,0.732206,0.01062,0.997765,0.002657,0.3,0.0,82.8773,-16.16958,20000,14
Adult,RF,Backdoor,0.3,backdoor,0.84435,0.005428,0.787048,0.008414,1.0,0.0,0.3,0.0,2.6974,-0.142285,20000,14
Adult,GB,Backdoor,0.3,backdoor,0.855,0.006205,0.795668,0.008831,1.0,0.0,0.3,0.0,3.4076,-0.274716,20000,14
SMS_Spam,LR,Backdoor,0.01,auto,0.970942,0.006019,0.937711,0.012404,0.256522,0.074077,0.010096,0.0,0.4269,0.605314,5572,500
SMS_Spam,RF,Backdoor,0.01,auto,0.97991,0.005217,0.953874,0.012804,0.997516,0.002414,0.010096,0.0,0.4615,0.309206,5572,500
SMS_Spam,GB,Backdoor,0.01,auto,0.96,0.003614,0.903832,0.009034,0.990062,0.00968,0.010096,0.0,0.0865,0.383387,5572,500
SMS_Spam,LR,Backdoor,0.01,backdoor,0.970942,0.006019,0.937711,0.012404,0.256522,0.074077,0.010096,0.0,0.9925,0.492192,5572,500
SMS_Spam,RF,Backdoor,0.01,backdoor,0.97991,0.005217,0.953874,0.012804,0.997516,0.002414,0.010096,0.0,0.4778,0.305944,5572,500
SMS_Spam,GB,Backdoor,0.01,backdoor,0.96,0.003614,0.903832,0.009034,0.990062,0.00968,0.010096,0.0,0.2613,0.348434,5572,500
SMS_Spam,LR,Backdoor,0.05,auto,0.963587,0.00852,0.924413,0.016579,0.61677,0.09758,0.050034,0.0,0.3649,0.468042,5572,500
SMS_Spam,RF,Backdoor,0.05,auto,0.977937,0.003788,0.949603,0.009333,1.0,0.0,0.050034,0.0,0.471,0.304517,5572,500
SMS_Spam,GB,Backdoor,0.05,auto,0.956771,0.002562,0.894973,0.006293,0.996273,0.007453,0.050034,0.0,0.1897,0.356384,5572,500
SMS_Spam,LR,Backdoor,0.05,backdoor,0.963587,0.00852,0.924413,0.016579,0.61677,0.09758,0.050034,0.0,0.9085,0.359322,5572,500
SMS_Spam,RF,Backdoor,0.05,backdoor,0.977937,0.003788,0.949603,0.009333,1.0,0.0,0.050034,0.0,0.308,0.337119,5572,500
SMS_Spam,GB,Backdoor,0.05,backdoor,0.956771,0.002562,0.894973,0.006293,0.996273,0.007453,0.050034,0.0,0.0678,0.380769,5572,500
SMS_Spam,LR,Backdoor,0.1,auto,0.962332,0.014044,0.922047,0.026916,0.816977,0.085511,0.100067,0.0,0.9355,0.272829,5572,500
SMS_Spam,RF,Backdoor,0.1,auto,0.977399,0.004826,0.947953,0.011977,1.0,0.0,0.100067,0.0,0.2648,0.345061,5572,500
SMS_Spam,GB,Backdoor,0.1,auto,0.954978,0.003278,0.891316,0.00787,0.997308,0.005383,0.100067,0.0,0.2333,0.34564,5572,500
SMS_Spam,LR,Backdoor,0.1,backdoor,0.962332,0.014044,0.922047,0.026916,0.816977,0.085511,0.100067,0.0,0.9349,0.272966,5572,500
SMS_Spam,RF,Backdoor,0.1,backdoor,0.977399,0.004826,0.947953,0.011977,1.0,0.0,0.100067,0.0,0.3163,0.334762,5572,500
SMS_Spam,GB,Backdoor,0.1,backdoor,0.954978,0.003278,0.891316,0.00787,0.997308,0.005383,0.100067,0.0,0.2284,0.346627,5572,500
SMS_Spam,LR,Backdoor,0.15,auto,0.961435,0.011373,0.919892,0.021674,0.880952,0.057092,0.150101,0.0,0.4993,0.333579,5572,500
SMS_Spam,RF,Backdoor,0.15,auto,0.977758,0.004445,0.949045,0.011215,1.0,0.0,0.150101,0.0,0.2098,0.356519,5572,500
SMS_Spam,GB,Backdoor,0.15,auto,0.953184,0.004335,0.885553,0.011557,0.999172,0.001656,0.150101,0.0,0.1915,0.350725,5572,500
SMS_Spam,LR,Backdoor,0.15,backdoor,0.961435,0.011373,0.919892,0.021674,0.880952,0.057092,0.150101,0.0,0.7702,0.279397,5572,500
SMS_Spam,RF,Backdoor,0.15,backdoor,0.977758,0.004445,0.949045,0.011215,1.0,0.0,0.150101,0.0,0.2439,0.349693,5572,500
SMS_Spam,GB,Backdoor,0.15,backdoor,0.953184,0.004335,0.885553,0.011557,0.999172,0.001656,0.150101,0.0,0.1754,0.353946,5572,500
SMS_Spam,LR,Backdoor,0.2,auto,0.953004,0.015258,0.904046,0.027938,0.909938,0.050849,0.200135,0.0,0.3824,0.33872,5572,500
SMS_Spam,RF,Backdoor,0.2,auto,0.975067,0.004759,0.942478,0.011936,1.0,0.0,0.200135,0.0,0.1563,0.36446,5572,500
SMS_Spam,GB,Backdoor,0.2,auto,0.952646,0.003023,0.88362,0.009509,1.0,0.0,0.200135,0.0,0.1167,0.364508,5572,500
SMS_Spam,LR,Backdoor,0.2,backdoor,0.953004,0.015258,0.904046,0.027938,0.909938,0.050849,0.200135,0.0,0.6395,0.287303,5572,500
SMS_Spam,RF,Backdoor,0.2,backdoor,0.975067,0.004759,0.942478,0.011936,1.0,0.0,0.200135,0.0,0.1632,0.363087,5572,500
SMS_Spam,GB,Backdoor,0.2,backdoor,0.952646,0.003023,0.88362,0.009509,1.0,0.0,0.200135,0.0,0.1124,0.365366,5572,500
SMS_Spam,LR,Backdoor,0.25,auto,0.952646,0.020017,0.902098,0.038389,0.942857,0.038503,0.250168,0.0,1.0345,0.194329,5572,500
SMS_Spam,RF,Backdoor,0.25,auto,0.973274,0.004958,0.938134,0.012807,1.0,0.0,0.250168,0.0,0.1312,0.367664,5572,500
SMS_Spam,GB,Backdoor,0.25,auto,0.952287,0.005423,0.883235,0.017357,1.0,0.0,0.250168,0.0,0.049,0.377882,5572,500
SMS_Spam,LR,Backdoor,0.25,backdoor,0.952646,0.020017,0.902098,0.038389,0.942857,0.038503,0.250168,0.0,1.2412,0.152986,5572,500
SMS_Spam,RF,Backdoor,0.25,backdoor,0.973274,0.004958,0.938134,0.012807,1.0,0.0,0.250168,0.0,0.1279,0.368313,5572,500
SMS_Spam,GB,Backdoor,0.25,backdoor,0.952287,0.005423,0.883235,0.017357,1.0,0.0,0.250168,0.0,0.0995,0.367789,5572,500
SMS_Spam,LR,Backdoor,0.3,auto,0.952646,0.0225,0.901881,0.044093,0.96294,0.032941,0.300022,9e-05,1.2318,0.146726,5572,500
SMS_Spam,RF,Backdoor,0.3,auto,0.971839,0.007994,0.934112,0.020942,1.0,0.0,0.300022,9e-05,0.1091,0.370397,5572,500
SMS_Spam,GB,Backdoor,0.3,auto,0.949776,0.00788,0.875959,0.026275,1.0,0.0,0.300022,9e-05,-0.0024,0.384967,5572,500
SMS_Spam,LR,Backdoor,0.3,backdoor,0.952646,0.0225,0.901881,0.044093,0.96294,0.032941,0.300022,9e-05,0.7162,0.249854,5572,500
SMS_Spam,RF,Backdoor,0.3,backdoor,0.971839,0.007994,0.934112,0.020942,1.0,0.0,0.300022,9e-05,0.0664,0.378925,5572,500
SMS_Spam,GB,Backdoor,0.3,backdoor,0.949776,0.00788,0.875959,0.026275,1.0,0.0,0.300022,9e-05,0.0224,0.380011,5572,500
MNIST,LR,Backdoor,0.01,auto,0.87375,0.004089,0.873663,0.00411,1.0,0.0,0.01,0.0,0.4353,0.312481,8000,784
MNIST,RF,Backdoor,0.01,auto,0.96075,0.002693,0.960745,0.002692,0.091995,0.028915,0.01,0.0,0.7034,0.623416,8000,784
MNIST,GB,Backdoor,0.01,auto,0.917125,0.004213,0.917114,0.004217,0.867598,0.069175,0.01,0.0,0.167,0.417389,8000,784
MNIST,LR,Backdoor,0.01,backdoor,0.87375,0.004089,0.873663,0.00411,1.0,0.0,0.01,0.0,0.5445,0.290651,8000,784
MNIST,RF,Backdoor,0.01,backdoor,0.96075,0.002693,0.960745,0.002692,0.091995,0.028915,0.01,0.0,0.7116,0.621775,8000,784
MNIST,GB,Backdoor,0.01,backdoor,0.917125,0.004213,0.917114,0.004217,0.867598,0.069175,0.01,0.0,0.1111,0.428582,8000,784
MNIST,LR,Backdoor,0.05,auto,0.86925,0.003455,0.869134,0.003453,1.0,0.0,0.05,0.0,0.6674,0.263997,8000,784
MNIST,RF,Backdoor,0.05,auto,0.959,0.002698,0.958988,0.002698,0.804574,0.029477,0.05,0.0,0.63,0.35232,8000,784
MNIST,GB,Backdoor,0.05,auto,0.917,0.003097,0.916982,0.003094,0.998221,0.001525,0.05,0.0,0.0616,0.386167,8000,784
MNIST,LR,Backdoor,0.05,backdoor,0.86925,0.003455,0.869134,0.003453,1.0,0.0,0.05,0.0,0.2743,0.342603,8000,784
MNIST,RF,Backdoor,0.05,backdoor,0.959,0.002698,0.958988,0.002698,0.804574,0.029477,0.05,0.0,0.5856,0.361213,8000,784
MNIST,GB,Backdoor,0.05,backdoor,0.917,0.003097,0.916982,0.003094,0.998221,0.001525,0.05,0.0,0.1081,0.376876,8000,784
MNIST,LR,Backdoor,0.1,auto,0.867125,0.005025,0.867002,0.005045,1.0,0.0,0.1,0.0,0.6681,0.262872,8000,784
MNIST,RF,Backdoor,0.1,auto,0.958875,0.002574,0.958857,0.002575,0.95197,0.010673,0.1,0.0,0.5523,0.308855,8000,784
MNIST,GB,Backdoor,0.1,auto,0.9165,0.003368,0.91646,0.003376,0.999492,0.000622,0.1,0.0,-0.0208,0.401915,8000,784
MNIST,LR,Backdoor,0.1,backdoor,0.867125,0.005025,0.867002,0.005045,1.0,0.0,0.1,0.0,0.6148,0.273544,8000,784
MNIST,RF,Backdoor,0.1,backdoor,0.958875,0.002574,0.958857,0.002575,0.95197,0.010673,0.1,0.0,0.5585,0.307607,8000,784
MNIST,GB,Backdoor,0.1,backdoor,0.9165,0.003368,0.91646,0.003376,0.999492,0.000622,0.1,0.0,0.0025,0.397261,8000,784
MNIST,LR,Backdoor,0.15,auto,0.863875,0.003881,0.863676,0.003931,1.0,0.0,0.15,0.0,0.2848,0.33801,8000,784
MNIST,RF,Backdoor,0.15,auto,0.956625,0.004341,0.956593,0.004346,0.976112,0.01046,0.15,0.0,0.4973,0.30925,8000,784
MNIST,GB,Backdoor,0.15,auto,0.91575,0.002721,0.915678,0.002713,1.0,0.0,0.15,0.0,-0.0615,0.409501,8000,784
MNIST,LR,Backdoor,0.15,backdoor,0.863875,0.003881,0.863676,0.003931,1.0,0.0,0.15,0.0,0.5688,0.281219,8000,784
MNIST,RF,Backdoor,0.15,backdoor,0.956625,0.004341,0.956593,0.004346,0.976112,0.01046,0.15,0.0,0.5005,0.3086,8000,784
MNIST,GB,Backdoor,0.15,backdoor,0.91575,0.002721,0.915678,0.002713,1.0,0.0,0.15,0.0,-0.0398,0.405168,8000,784
MNIST,LR,Backdoor,0.2,auto,0.86025,0.006418,0.860006,0.0065,1.0,0.0,0.2,0.0,0.375,0.318301,8000,784
MNIST,RF,Backdoor,0.2,auto,0.952125,0.003593,0.952076,0.003601,0.988818,0.007339,0.2,0.0,0.4844,0.304871,8000,784
MNIST,GB,Backdoor,0.2,auto,0.91575,0.007535,0.915672,0.007523,0.999746,0.000508,0.2,0.0,-0.1141,0.420124,8000,784
MNIST,LR,Backdoor,0.2,backdoor,0.86025,0.006418,0.860006,0.0065,1.0,0.0,0.2,0.0,0.2054,0.352215,8000,784
MNIST,RF,Backdoor,0.2,backdoor,0.952125,0.003593,0.952076,0.003601,0.988818,0.007339,0.2,0.0,0.4501,0.311716,8000,784
MNIST,GB,Backdoor,0.2,backdoor,0.91575,0.007535,0.915672,0.007523,0.999746,0.000508,0.2,0.0,-0.1458,0.426476,8000,784
MNIST,LR,Backdoor,0.25,auto,0.851,0.006106,0.850566,0.006213,1.0,0.0,0.25,0.0,0.5618,0.276624,8000,784
MNIST,RF,Backdoor,0.25,auto,0.945875,0.00425,0.945777,0.004273,0.99695,0.004066,0.25,0.0,0.3528,0.325291,8000,784
MNIST,GB,Backdoor,0.25,auto,0.905625,0.006789,0.905473,0.006806,1.0,0.0,0.25,0.0,-0.173,0.427377,8000,784
MNIST,LR,Backdoor,0.25,backdoor,0.851,0.006106,0.850566,0.006213,1.0,0.0,0.25,0.0,0.5724,0.274495,8000,784
MNIST,RF,Backdoor,0.25,backdoor,0.945875,0.00425,0.945777,0.004273,0.99695,0.004066,0.25,0.0,0.358,0.324261,8000,784
MNIST,GB,Backdoor,0.25,backdoor,0.905625,0.006789,0.905473,0.006806,1.0,0.0,0.25,0.0,-0.1624,0.425263,8000,784
MNIST,LR,Backdoor,0.3,auto,0.843875,0.004815,0.843178,0.005021,1.0,0.0,0.3,0.0,0.7246,0.240677,8000,784
MNIST,RF,Backdoor,0.3,auto,0.930375,0.00264,0.930116,0.00265,0.996442,0.003718,0.3,0.0,0.4799,0.293551,8000,784
MNIST,GB,Backdoor,0.3,auto,0.89975,0.005514,0.899468,0.005546,1.0,0.0,0.3,0.0,-0.2183,0.433843,8000,784
MNIST,LR,Backdoor,0.3,backdoor,0.843875,0.004815,0.843178,0.005021,1.0,0.0,0.3,0.0,0.4614,0.293322,8000,784
MNIST,RF,Backdoor,0.3,backdoor,0.930375,0.00264,0.930116,0.00265,0.996442,0.003718,0.3,0.0,0.3069,0.328143,8000,784
MNIST,GB,Backdoor,0.3,backdoor,0.89975,0.005514,0.899468,0.005546,1.0,0.0,0.3,0.0,-0.2081,0.431794,8000,784
