Датасет,Модель,Тип атаки,ε (доля),Профиль защиты,F1_base,F1_prot,F1_std,ASR_prot,removal_rate,time_ratio,I_score
Adult,GB,Backdoor,0.0100,auto,0.7824,0.7819,,0.9999,0.0100,,-1.6865
Adult,GB,Backdoor,0.0100,backdoor,0.7824,0.7819,,0.9999,0.0100,,-1.4872
Adult,GB,Backdoor,0.0500,auto,0.7824,0.7835,,1.0,0.0500,,-1.3894
Adult,GB,Backdoor,0.0500,backdoor,0.7824,0.7835,,1.0,0.0500,,-1.5861
Adult,GB,Backdoor,0.1000,auto,0.7824,0.7859,,1.0,0.1000,,-1.3995
Adult,GB,Backdoor,0.1000,backdoor,0.7824,0.7826,0.0090,1.0,0.1000,4.2081,-0.4415
Adult,GB,Backdoor,0.1500,auto,0.7824,0.7874,0.0065,1.0,0.1500,4.2713,-0.4517
Adult,GB,Backdoor,0.1500,backdoor,0.7824,0.7874,0.0065,1.0,0.1500,2.7059,-0.1386
Adult,GB,Backdoor,0.2000,auto,0.7824,0.7918,0.0073,1.0,0.2000,3.7297,-0.3411
Adult,GB,Backdoor,0.2000,backdoor,0.7824,0.7918,0.0073,1.0,0.2000,2.7875,-0.1527
Adult,GB,Backdoor,0.2500,auto,0.7824,0.7950,0.0066,1.0,0.2500,3.9525,-0.3840
Adult,GB,Backdoor,0.2500,backdoor,0.7824,0.7950,0.0066,1.0,0.2500,2.6217,-0.1179
Adult,GB,Backdoor,0.3000,auto,0.7824,0.7957,0.0088,1.0,0.3000,3.9141,-0.3760
Adult,GB,Backdoor,0.3000,backdoor,0.7824,0.7957,0.0088,1.0,0.3000,3.4076,-0.2747
Adult,GB,Random_LF,0.0100,auto,0.7824,0.7816,0.0063,,0.0100,4.5289,-0.1062
Adult,GB,Random_LF,0.0100,lf,0.7824,0.7816,0.0063,,0.0100,4.2471,-0.0498
Adult,GB,Random_LF,0.0500,auto,0.7824,0.7797,0.0090,,0.0500,3.7306,0.0525
Adult,GB,Random_LF,0.0500,lf,0.7824,0.7797,0.0090,,0.0500,4.1962,-0.0406
Adult,GB,Random_LF,0.1000,auto,0.7824,0.7773,0.0089,,0.1000,3.6712,0.0632
Adult,GB,Random_LF,0.1000,lf,0.7824,0.7773,0.0089,,0.1000,4.3109,-0.0648
Adult,GB,Random_LF,0.1500,auto,0.7824,0.7772,0.0077,,0.1500,5.3299,-0.2686
Adult,GB,Random_LF,0.1500,lf,0.7824,0.7772,0.0077,,0.1500,4.0891,-0.0205
Adult,GB,Random_LF,0.2000,auto,0.7824,0.7737,0.0122,,0.2000,4.0292,-0.0102
Adult,GB,Random_LF,0.2000,lf,0.7824,0.7737,0.0122,,0.2000,3.6897,0.0577
Adult,GB,Random_LF,0.2500,auto,0.7824,0.7623,0.0119,,0.2500,4.1771,-0.0457
Adult,GB,Random_LF,0.2500,lf,0.7824,0.7623,0.0119,,0.2500,3.9910,-0.0085
Adult,GB,Random_LF,0.3000,auto,0.7824,0.7547,0.0116,,0.3000,4.5570,-0.1256
Adult,GB,Random_LF,0.3000,lf,0.7824,0.7547,0.0116,,0.3000,4.3679,-0.0877
Adult,GB,Targeted_LF,0.0100,auto,0.7824,0.7839,0.0068,,0.0100,4.2722,-0.0537
Adult,GB,Targeted_LF,0.0100,lf,0.7824,0.7839,0.0068,,0.0100,5.0441,-0.2080
Adult,GB,Targeted_LF,0.0500,auto,0.7824,0.7870,0.0076,,0.0500,3.8606,0.0303
Adult,GB,Targeted_LF,0.0500,lf,0.7824,0.7870,0.0076,,0.0500,4.8994,-0.1775
Adult,GB,Targeted_LF,0.1000,auto,0.7824,0.7914,0.0057,,0.1000,4.4967,-0.0947
Adult,GB,Targeted_LF,0.1000,lf,0.7824,0.7914,0.0057,,0.1000,4.0484,-0.0051
Adult,GB,Targeted_LF,0.1500,auto,0.7824,0.7974,0.0092,,0.1500,4.9914,-0.1906
Adult,GB,Targeted_LF,0.1500,lf,0.7824,0.7974,0.0092,,0.1500,4.0620,-0.0047
Adult,GB,Targeted_LF,0.2000,auto,0.7824,0.7960,0.0086,,0.2000,3.5606,0.0948
Adult,GB,Targeted_LF,0.2000,lf,0.7824,0.7960,0.0086,,0.2000,4.2626,-0.0456
Adult,GB,Targeted_LF,0.2500,auto,0.7824,0.7951,0.0070,,0.2500,4.1347,-0.0204
Adult,GB,Targeted_LF,0.2500,lf,0.7824,0.7951,0.0070,,0.2500,3.3080,0.1449
Adult,GB,Targeted_LF,0.3000,auto,0.7824,0.7743,0.0058,,0.3000,4.5616,-0.1165
Adult,GB,Targeted_LF,0.3000,lf,0.7824,0.7743,0.0058,,0.3000,4.2482,-0.0538
Adult,LR,Backdoor,0.0100,auto,0.7232,0.7236,,0.6593,0.0100,,-15.4796
Adult,LR,Backdoor,0.0100,backdoor,0.7232,0.7236,,0.6593,0.0100,,-18.4279
Adult,LR,Backdoor,0.0500,auto,0.7232,0.7255,,0.89,0.0500,,-12.4123
Adult,LR,Backdoor,0.0500,backdoor,0.7232,0.7255,,0.89,0.0500,,-13.2425
Adult,LR,Backdoor,0.1000,auto,0.7232,0.7292,,0.9586,0.1000,,-15.8418
Adult,LR,Backdoor,0.1000,backdoor,0.7232,0.7228,0.0095,0.946895,0.1000,66.2067,-12.8203
Adult,LR,Backdoor,0.1500,auto,0.7232,0.7247,0.0093,0.977128,0.1500,109.5228,-21.4946
Adult,LR,Backdoor,0.1500,backdoor,0.7232,0.7247,0.0093,0.977128,0.1500,60.2444,-11.6389
Adult,LR,Backdoor,0.2000,auto,0.7232,0.7273,0.0109,0.990273,0.2000,55.9548,-10.7848
Adult,LR,Backdoor,0.2000,backdoor,0.7232,0.7273,0.0109,0.990273,0.2000,100.3118,-19.6562
Adult,LR,Backdoor,0.2500,auto,0.7232,0.7306,0.0103,0.997042,0.2500,84.8963,-16.5740
Adult,LR,Backdoor,0.2500,backdoor,0.7232,0.7306,0.0103,0.997042,0.2500,42.9539,-8.1855
Adult,LR,Backdoor,0.3000,auto,0.7232,0.7322,0.0106,0.997765,0.3000,35.3279,-6.6597
Adult,LR,Backdoor,0.3000,backdoor,0.7232,0.7322,0.0106,0.997765,0.3000,82.8773,-16.1696
Adult,LR,Random_LF,0.0100,auto,0.7232,0.7162,0.0040,,0.0100,69.1464,-13.0332
Adult,LR,Random_LF,0.0100,lf,0.7232,0.7162,0.0040,,0.0100,54.8411,-10.1721
Adult,LR,Random_LF,0.0500,auto,0.7232,0.7138,0.0043,,0.0500,68.2076,-12.8467
Adult,LR,Random_LF,0.0500,lf,0.7232,0.7138,0.0043,,0.0500,45.0723,-8.2197
Adult,LR,Random_LF,0.1000,auto,0.7232,0.7108,0.0045,,0.1000,94.7057,-18.1480
Adult,LR,Random_LF,0.1000,lf,0.7232,0.7108,0.0045,,0.1000,71.0531,-13.4175
Adult,LR,Random_LF,0.1500,auto,0.7232,0.7105,0.0060,,0.1500,41.0570,-7.4184
Adult,LR,Random_LF,0.1500,lf,0.7232,0.7105,0.0060,,0.1500,46.5829,-8.5236
Adult,LR,Random_LF,0.2000,auto,0.7232,0.7074,0.0068,,0.2000,51.6909,-9.5469
Adult,LR,Random_LF,0.2000,lf,0.7232,0.7074,0.0068,,0.2000,64.9047,-12.1897
Adult,LR,Random_LF,0.2500,auto,0.7232,0.7074,0.0083,,0.2500,123.2590,-23.8605
Adult,LR,Random_LF,0.2500,lf,0.7232,0.7074,0.0083,,0.2500,142.0206,-27.6129
Adult,LR,Random_LF,0.3000,auto,0.7232,0.7072,0.0074,,0.3000,63.9251,-11.9938
Adult,LR,Random_LF,0.3000,lf,0.7232,0.7072,0.0074,,0.3000,65.9453,-12.3979
Adult,LR,Targeted_LF,0.0100,auto,0.7232,0.7188,0.0039,,0.0100,71.6302,-13.5285
Adult,LR,Targeted_LF,0.0100,lf,0.7232,0.7188,0.0039,,0.0100,47.0427,-8.6110
Adult,LR,Targeted_LF,0.0500,auto,0.7232,0.7240,0.0045,,0.0500,47.2966,-8.6589
Adult,LR,Targeted_LF,0.0500,lf,0.7232,0.7240,0.0045,,0.0500,105.5053,-20.3006
Adult,LR,Targeted_LF,0.1000,auto,0.7232,0.7333,0.0077,,0.1000,111.1349,-21.4214
Adult,LR,Targeted_LF,0.1000,lf,0.7232,0.7333,0.0077,,0.1000,34.7518,-6.1448
Adult,LR,Targeted_LF,0.1500,auto,0.7232,0.7399,0.0079,,0.1500,68.7076,-12.9323
Adult,LR,Targeted_LF,0.1500,lf,0.7232,0.7399,0.0079,,0.1500,80.5799,-15.3068
Adult,LR,Targeted_LF,0.2000,auto,0.7232,0.7423,0.0079,,0.2000,43.5277,-7.8950
Adult,LR,Targeted_LF,0.2000,lf,0.7232,0.7423,0.0079,,0.2000,81.8950,-15.5684
Adult,LR,Targeted_LF,0.2500,auto,0.7232,0.7337,0.0084,,0.2500,61.8916,-11.5725
Adult,LR,Targeted_LF,0.2500,lf,0.7232,0.7337,0.0084,,0.2500,49.4285,-9.0799
Adult,LR,Targeted_LF,0.3000,auto,0.7232,0.7133,0.0050,,0.3000,125.0784,-24.2212
Adult,LR,Targeted_LF,0.3000,lf,0.7232,0.7133,0.0050,,0.3000,69.4017,-13.0858
Adult,RF,Backdoor,0.0100,auto,0.7926,0.7934,,0.9996,0.0100,,-0.8176
Adult,RF,Backdoor,0.0100,backdoor,0.7926,0.7934,,0.9996,0.0100,,-0.8433
Adult,RF,Backdoor,0.0500,auto,0.7926,0.7938,,1.0,0.0500,,-0.7361
Adult,RF,Backdoor,0.0500,backdoor,0.7926,0.7938,,1.0,0.0500,,-0.8206
Adult,RF,Backdoor,0.1000,auto,0.7926,0.7934,,1.0,0.1000,,-0.7291
Adult,RF,Backdoor,0.1000,backdoor,0.7926,0.7884,0.0058,1.0,0.1000,2.6145,-0.1250
Adult,RF,Backdoor,0.1500,auto,0.7926,0.7922,0.0053,1.0,0.1500,2.9818,-0.1966
Adult,RF,Backdoor,0.1500,backdoor,0.7926,0.7922,0.0053,1.0,0.1500,2.7290,-0.1460
Adult,RF,Backdoor,0.2000,auto,0.7926,0.7908,0.0059,1.0,0.2000,2.3761,-0.0761
Adult,RF,Backdoor,0.2000,backdoor,0.7926,0.7908,0.0059,1.0,0.2000,2.5663,-0.1142
Adult,RF,Backdoor,0.2500,auto,0.7926,0.7906,0.0068,1.0,0.2500,2.6270,-0.1264
Adult,RF,Backdoor,0.2500,backdoor,0.7926,0.7906,0.0068,1.0,0.2500,1.8432,0.0304
Adult,RF,Backdoor,0.3000,auto,0.7926,0.7870,0.0084,1.0,0.3000,2.4365,-0.0901
Adult,RF,Backdoor,0.3000,backdoor,0.7926,0.7870,0.0084,1.0,0.3000,2.6974,-0.1423
Adult,RF,Random_LF,0.0100,auto,0.7926,0.7882,0.0064,,0.0100,2.5001,0.2978
Adult,RF,Random_LF,0.0100,lf,0.7926,0.7882,0.0064,,0.0100,2.5061,0.2966
Adult,RF,Random_LF,0.0500,auto,0.7926,0.7830,0.0068,,0.0500,2.9175,0.2116
Adult,RF,Random_LF,0.0500,lf,0.7926,0.7830,0.0068,,0.0500,1.5729,0.4805
Adult,RF,Random_LF,0.1000,auto,0.7926,0.7760,0.0080,,0.1000,1.4293,0.5057
Adult,RF,Random_LF,0.1000,lf,0.7926,0.7760,0.0080,,0.1000,2.5122,0.2892
Adult,RF,Random_LF,0.1500,auto,0.7926,0.7693,0.0088,,0.1500,2.1226,0.3637
Adult,RF,Random_LF,0.1500,lf,0.7926,0.7693,0.0088,,0.1500,2.2930,0.3296
Adult,RF,Random_LF,0.2000,auto,0.7926,0.7474,0.0108,,0.2000,1.9016,0.3969
Adult,RF,Random_LF,0.2000,lf,0.7926,0.7474,0.0108,,0.2000,1.8391,0.4094
Adult,RF,Random_LF,0.2500,auto,0.7926,0.7205,0.0057,,0.2500,1.6625,0.4311
Adult,RF,Random_LF,0.2500,lf,0.7926,0.7205,0.0057,,0.2500,1.7183,0.4199
Adult,RF,Random_LF,0.3000,auto,0.7926,0.6897,0.0076,,0.3000,1.5768,0.4327
Adult,RF,Random_LF,0.3000,lf,0.7926,0.6897,0.0076,,0.3000,1.3906,0.4699
Adult,RF,Targeted_LF,0.0100,auto,0.7926,0.7899,0.0038,,0.0100,2.7144,0.2557
Adult,RF,Targeted_LF,0.0100,lf,0.7926,0.7899,0.0038,,0.0100,2.8416,0.2303
Adult,RF,Targeted_LF,0.0500,auto,0.7926,0.7883,0.0084,,0.0500,2.8766,0.2225
Adult,RF,Targeted_LF,0.0500,lf,0.7926,0.7883,0.0084,,0.0500,2.5298,0.2919
Adult,RF,Targeted_LF,0.1000,auto,0.7926,0.7846,0.0058,,0.1000,1.9485,0.4063
Adult,RF,Targeted_LF,0.1000,lf,0.7926,0.7846,0.0058,,0.1000,2.8522,0.2255
Adult,RF,Targeted_LF,0.1500,auto,0.7926,0.7794,0.0100,,0.1500,1.5526,0.4828
Adult,RF,Targeted_LF,0.1500,lf,0.7926,0.7794,0.0100,,0.1500,1.8427,0.4248
Adult,RF,Targeted_LF,0.2000,auto,0.7926,0.7647,0.0091,,0.2000,2.4062,0.3047
Adult,RF,Targeted_LF,0.2000,lf,0.7926,0.7647,0.0091,,0.2000,1.4039,0.5051
Adult,RF,Targeted_LF,0.2500,auto,0.7926,0.7475,0.0069,,0.2500,1.6893,0.4394
Adult,RF,Targeted_LF,0.2500,lf,0.7926,0.7475,0.0069,,0.2500,2.2525,0.3267
Adult,RF,Targeted_LF,0.3000,auto,0.7926,0.7128,0.0080,,0.3000,1.3060,0.4985
Adult,RF,Targeted_LF,0.3000,lf,0.7926,0.7128,0.0080,,0.3000,1.5391,0.4519
MNIST,GB,Backdoor,0.0100,auto,0.9221,0.9171,0.0042,0.867598,0.0100,0.1670,0.4174
MNIST,GB,Backdoor,0.0100,backdoor,0.9221,0.9171,0.0042,0.867598,0.0100,0.1111,0.4286
MNIST,GB,Backdoor,0.0500,auto,0.9221,0.9170,0.0031,0.998221,0.0500,0.0616,0.3862
MNIST,GB,Backdoor,0.0500,backdoor,0.9221,0.9170,0.0031,0.998221,0.0500,0.1081,0.3769
MNIST,GB,Backdoor,0.1000,auto,0.9221,0.9165,0.0034,0.999492,0.1000,-0.0208,0.4019
MNIST,GB,Backdoor,0.1000,backdoor,0.9221,0.9165,0.0034,0.999492,0.1000,0.0025,0.3973
MNIST,GB,Backdoor,0.1500,auto,0.9221,0.9157,0.0027,1.0,0.1500,-0.0615,0.4095
MNIST,GB,Backdoor,0.1500,backdoor,0.9221,0.9157,0.0027,1.0,0.1500,-0.0398,0.4052
MNIST,GB,Backdoor,0.2000,auto,0.9221,0.9157,0.0075,0.999746,0.2000,-0.1141,0.4201
MNIST,GB,Backdoor,0.2000,backdoor,0.9221,0.9157,0.0075,0.999746,0.2000,-0.1458,0.4265
MNIST,GB,Backdoor,0.2500,auto,0.9221,0.9055,0.0068,1.0,0.2500,-0.1730,0.4274
MNIST,GB,Backdoor,0.2500,backdoor,0.9221,0.9055,0.0068,1.0,0.2500,-0.1624,0.4253
MNIST,GB,Backdoor,0.3000,auto,0.9221,0.8995,0.0055,1.0,0.3000,-0.2183,0.4338
MNIST,GB,Backdoor,0.3000,backdoor,0.9221,0.8995,0.0055,1.0,0.3000,-0.2081,0.4318
MNIST,GB,Random_LF,0.0100,auto,0.9221,0.9232,0.0013,,0.0100,0.1707,0.7663
MNIST,GB,Random_LF,0.0100,lf,0.9221,0.9232,0.0013,,0.0100,0.1392,0.7727
MNIST,GB,Random_LF,0.0500,auto,0.9221,0.9260,0.0036,,0.0500,0.0966,0.7824
MNIST,GB,Random_LF,0.0500,lf,0.9221,0.9260,0.0036,,0.0500,0.0804,0.7856
MNIST,GB,Random_LF,0.1000,auto,0.9221,0.9208,0.0059,,0.1000,0.0146,0.7965
MNIST,GB,Random_LF,0.1000,lf,0.9221,0.9208,0.0059,,0.1000,0.0200,0.7955
MNIST,GB,Random_LF,0.1500,auto,0.9221,0.9150,0.0045,,0.1500,-0.0593,0.8088
MNIST,GB,Random_LF,0.1500,lf,0.9221,0.9150,0.0045,,0.1500,-0.0304,0.8030
MNIST,GB,Random_LF,0.2000,auto,0.9221,0.9037,0.0044,,0.2000,-0.0974,0.8115
MNIST,GB,Random_LF,0.2000,lf,0.9221,0.9037,0.0044,,0.2000,-0.0942,0.8108
MNIST,GB,Random_LF,0.2500,auto,0.9221,0.8833,0.0093,,0.2500,-0.1523,0.8136
MNIST,GB,Random_LF,0.2500,lf,0.9221,0.8833,0.0093,,0.2500,-0.1500,0.8131
MNIST,GB,Random_LF,0.3000,auto,0.9221,0.8582,0.0219,,0.3000,-0.2066,0.8136
MNIST,GB,Random_LF,0.3000,lf,0.9221,0.8582,0.0219,,0.3000,-0.2217,0.8166
MNIST,GB,Targeted_LF,0.0100,auto,0.9221,0.9244,0.0039,,0.0100,0.1626,0.7685
MNIST,GB,Targeted_LF,0.0100,lf,0.9221,0.9244,0.0039,,0.0100,0.1319,0.7746
MNIST,GB,Targeted_LF,0.0500,auto,0.9221,0.9222,0.0036,,0.0500,0.1095,0.7781
MNIST,GB,Targeted_LF,0.0500,lf,0.9221,0.9222,0.0036,,0.0500,0.0829,0.7834
MNIST,GB,Targeted_LF,0.1000,auto,0.9221,0.9187,0.0040,,0.1000,0.0230,0.7939
MNIST,GB,Targeted_LF,0.1000,lf,0.9221,0.9187,0.0040,,0.1000,0.0332,0.7919
MNIST,GB,Targeted_LF,0.1500,auto,0.9221,0.9080,0.0066,,0.1500,-0.0368,0.8012
MNIST,GB,Targeted_LF,0.1500,lf,0.9221,0.9080,0.0066,,0.1500,-0.0302,0.7999
MNIST,GB,Targeted_LF,0.2000,auto,0.9221,0.8906,0.0063,,0.2000,-0.1069,0.8077
MNIST,GB,Targeted_LF,0.2000,lf,0.9221,0.8906,0.0063,,0.2000,-0.0944,0.8052
MNIST,GB,Targeted_LF,0.2500,auto,0.9221,0.8624,0.0063,,0.2500,-0.1719,0.8085
MNIST,GB,Targeted_LF,0.2500,lf,0.9221,0.8624,0.0063,,0.2500,-0.1565,0.8054
MNIST,GB,Targeted_LF,0.3000,auto,0.9221,0.8299,0.0133,,0.3000,-0.2112,0.8023
MNIST,GB,Targeted_LF,0.3000,lf,0.9221,0.8299,0.0133,,0.3000,-0.2139,0.8028
MNIST,LR,Backdoor,0.0100,auto,0.8747,0.8737,0.0041,1.0,0.0100,0.4353,0.3125
MNIST,LR,Backdoor,0.0100,backdoor,0.8747,0.8737,0.0041,1.0,0.0100,0.5445,0.2907
MNIST,LR,Backdoor,0.0500,auto,0.8747,0.8691,0.0035,1.0,0.0500,0.6674,0.2640
MNIST,LR,Backdoor,0.0500,backdoor,0.8747,0.8691,0.0035,1.0,0.0500,0.2743,0.3426
MNIST,LR,Backdoor,0.1000,auto,0.8747,0.8670,0.0050,1.0,0.1000,0.6681,0.2629
MNIST,LR,Backdoor,0.1000,backdoor,0.8747,0.8670,0.0050,1.0,0.1000,0.6148,0.2735
MNIST,LR,Backdoor,0.1500,auto,0.8747,0.8637,0.0039,1.0,0.1500,0.2848,0.3380
MNIST,LR,Backdoor,0.1500,backdoor,0.8747,0.8637,0.0039,1.0,0.1500,0.5688,0.2812
MNIST,LR,Backdoor,0.2000,auto,0.8747,0.8600,0.0065,1.0,0.2000,0.3750,0.3183
MNIST,LR,Backdoor,0.2000,backdoor,0.8747,0.8600,0.0065,1.0,0.2000,0.2054,0.3522
MNIST,LR,Backdoor,0.2500,auto,0.8747,0.8506,0.0062,1.0,0.2500,0.5618,0.2766
MNIST,LR,Backdoor,0.2500,backdoor,0.8747,0.8506,0.0062,1.0,0.2500,0.5724,0.2745
MNIST,LR,Backdoor,0.3000,auto,0.8747,0.8432,0.0050,1.0,0.3000,0.7246,0.2407
MNIST,LR,Backdoor,0.3000,backdoor,0.8747,0.8432,0.0050,1.0,0.3000,0.4614,0.2933
MNIST,LR,Random_LF,0.0100,auto,0.8747,0.8704,0.0067,,0.0100,0.5159,0.6949
MNIST,LR,Random_LF,0.0100,lf,0.8747,0.8704,0.0067,,0.0100,0.6108,0.6759
MNIST,LR,Random_LF,0.0500,auto,0.8747,0.8574,0.0068,,0.0500,0.5171,0.6887
MNIST,LR,Random_LF,0.0500,lf,0.8747,0.8574,0.0068,,0.0500,0.4962,0.6929
MNIST,LR,Random_LF,0.1000,auto,0.8747,0.8386,0.0083,,0.1000,0.4523,0.6931
MNIST,LR,Random_LF,0.1000,lf,0.8747,0.8386,0.0083,,0.1000,0.4810,0.6873
MNIST,LR,Random_LF,0.1500,auto,0.8747,0.8205,0.0029,,0.1500,0.5080,0.6736
MNIST,LR,Random_LF,0.1500,lf,0.8747,0.8205,0.0029,,0.1500,0.5272,0.6698
MNIST,LR,Random_LF,0.2000,auto,0.8747,0.7946,0.0102,,0.2000,0.4066,0.6821
MNIST,LR,Random_LF,0.2000,lf,0.8747,0.7946,0.0102,,0.2000,0.4212,0.6791
MNIST,LR,Random_LF,0.2500,auto,0.8747,0.7654,0.0091,,0.2500,0.4578,0.6585
MNIST,LR,Random_LF,0.2500,lf,0.8747,0.7654,0.0091,,0.2500,0.5193,0.6462
MNIST,LR,Random_LF,0.3000,auto,0.8747,0.7349,0.0066,,0.3000,0.4148,0.6531
MNIST,LR,Random_LF,0.3000,lf,0.8747,0.7349,0.0066,,0.3000,0.4558,0.6449
MNIST,LR,Targeted_LF,0.0100,auto,0.8747,0.8699,0.0055,,0.0100,0.5386,0.6901
MNIST,LR,Targeted_LF,0.0100,lf,0.8747,0.8699,0.0055,,0.0100,0.4563,0.7066
MNIST,LR,Targeted_LF,0.0500,auto,0.8747,0.8595,0.0025,,0.0500,0.6587,0.6613
MNIST,LR,Targeted_LF,0.0500,lf,0.8747,0.8595,0.0025,,0.0500,0.6194,0.6692
MNIST,LR,Targeted_LF,0.1000,auto,0.8747,0.8492,0.0031,,0.1000,0.4843,0.6915
MNIST,LR,Targeted_LF,0.1000,lf,0.8747,0.8492,0.0031,,0.1000,0.6477,0.6588
MNIST,LR,Targeted_LF,0.1500,auto,0.8747,0.8317,0.0075,,0.1500,0.5224,0.6759
MNIST,LR,Targeted_LF,0.1500,lf,0.8747,0.8317,0.0075,,0.1500,0.5108,0.6782
MNIST,LR,Targeted_LF,0.2000,auto,0.8747,0.8059,0.0094,,0.2000,0.5656,0.6554
MNIST,LR,Targeted_LF,0.2000,lf,0.8747,0.8059,0.0094,,0.2000,0.6071,0.6471
MNIST,LR,Targeted_LF,0.2500,auto,0.8747,0.7863,0.0073,,0.2500,0.4022,0.6792
MNIST,LR,Targeted_LF,0.2500,lf,0.8747,0.7863,0.0073,,0.2500,0.3976,0.6801
MNIST,LR,Targeted_LF,0.3000,auto,0.8747,0.7606,0.0087,,0.3000,0.4275,0.6624
MNIST,LR,Targeted_LF,0.3000,lf,0.8747,0.7606,0.0087,,0.3000,0.3325,0.6814
MNIST,RF,Backdoor,0.0100,auto,0.9586,0.9607,0.0027,0.091995,0.0100,0.7034,0.6234
MNIST,RF,Backdoor,0.0100,backdoor,0.9586,0.9607,0.0027,0.091995,0.0100,0.7116,0.6218
MNIST,RF,Backdoor,0.0500,auto,0.9586,0.9590,0.0027,0.804574,0.0500,0.6300,0.3523
MNIST,RF,Backdoor,0.0500,backdoor,0.9586,0.9590,0.0027,0.804574,0.0500,0.5856,0.3612
MNIST,RF,Backdoor,0.1000,auto,0.9586,0.9589,0.0026,0.95197,0.1000,0.5523,0.3089
MNIST,RF,Backdoor,0.1000,backdoor,0.9586,0.9589,0.0026,0.95197,0.1000,0.5585,0.3076
MNIST,RF,Backdoor,0.1500,auto,0.9586,0.9566,0.0043,0.976112,0.1500,0.4973,0.3093
MNIST,RF,Backdoor,0.1500,backdoor,0.9586,0.9566,0.0043,0.976112,0.1500,0.5005,0.3086
MNIST,RF,Backdoor,0.2000,auto,0.9586,0.9521,0.0036,0.988818,0.2000,0.4844,0.3049
MNIST,RF,Backdoor,0.2000,backdoor,0.9586,0.9521,0.0036,0.988818,0.2000,0.4501,0.3117
MNIST,RF,Backdoor,0.2500,auto,0.9586,0.9458,0.0043,0.99695,0.2500,0.3528,0.3253
MNIST,RF,Backdoor,0.2500,backdoor,0.9586,0.9458,0.0043,0.99695,0.2500,0.3580,0.3243
MNIST,RF,Backdoor,0.3000,auto,0.9586,0.9301,0.0027,0.996442,0.3000,0.4799,0.2936
MNIST,RF,Backdoor,0.3000,backdoor,0.9586,0.9301,0.0027,0.996442,0.3000,0.3069,0.3281
MNIST,RF,Random_LF,0.0100,auto,0.9586,0.9581,0.0024,,0.0100,0.6228,0.6752
MNIST,RF,Random_LF,0.0100,lf,0.9586,0.9581,0.0024,,0.0100,0.7206,0.6557
MNIST,RF,Random_LF,0.0500,auto,0.9586,0.9592,0.0034,,0.0500,0.5868,0.6829
MNIST,RF,Random_LF,0.0500,lf,0.9586,0.9592,0.0034,,0.0500,0.5886,0.6825
MNIST,RF,Random_LF,0.1000,auto,0.9586,0.9537,0.0021,,0.1000,0.4724,0.7035
MNIST,RF,Random_LF,0.1000,lf,0.9586,0.9537,0.0021,,0.1000,0.4777,0.7024
MNIST,RF,Random_LF,0.1500,auto,0.9586,0.9476,0.0039,,0.1500,0.3692,0.7216
MNIST,RF,Random_LF,0.1500,lf,0.9586,0.9476,0.0039,,0.1500,0.4663,0.7022
MNIST,RF,Random_LF,0.2000,auto,0.9586,0.9362,0.0044,,0.2000,0.3451,0.7216
MNIST,RF,Random_LF,0.2000,lf,0.9586,0.9362,0.0044,,0.2000,0.3235,0.7260
MNIST,RF,Random_LF,0.2500,auto,0.9586,0.9112,0.0095,,0.2500,0.2715,0.7259
MNIST,RF,Random_LF,0.2500,lf,0.9586,0.9112,0.0095,,0.2500,0.2735,0.7255
MNIST,RF,Random_LF,0.3000,auto,0.9586,0.8702,0.0167,,0.3000,0.2158,0.7200
MNIST,RF,Random_LF,0.3000,lf,0.9586,0.8702,0.0167,,0.3000,0.1029,0.7425
MNIST,RF,Targeted_LF,0.0100,auto,0.9586,0.9590,0.0035,,0.0100,0.7040,0.6594
MNIST,RF,Targeted_LF,0.0100,lf,0.9586,0.9590,0.0035,,0.0100,0.6721,0.6657
MNIST,RF,Targeted_LF,0.0500,auto,0.9586,0.9581,0.0019,,0.0500,0.6156,0.6767
MNIST,RF,Targeted_LF,0.0500,lf,0.9586,0.9581,0.0019,,0.0500,0.5503,0.6897
MNIST,RF,Targeted_LF,0.1000,auto,0.9586,0.9578,0.0026,,0.1000,0.5404,0.6916
MNIST,RF,Targeted_LF,0.1000,lf,0.9586,0.9578,0.0026,,0.1000,0.5284,0.6940
MNIST,RF,Targeted_LF,0.1500,auto,0.9586,0.9468,0.0053,,0.1500,0.4764,0.6998
MNIST,RF,Targeted_LF,0.1500,lf,0.9586,0.9468,0.0053,,0.1500,0.4878,0.6975
MNIST,RF,Targeted_LF,0.2000,auto,0.9586,0.9302,0.0051,,0.2000,0.3337,0.7214
MNIST,RF,Targeted_LF,0.2000,lf,0.9586,0.9302,0.0051,,0.2000,0.3752,0.7131
MNIST,RF,Targeted_LF,0.2500,auto,0.9586,0.9019,0.0062,,0.2500,0.3255,0.7112
MNIST,RF,Targeted_LF,0.2500,lf,0.9586,0.9019,0.0062,,0.2500,0.3585,0.7046
MNIST,RF,Targeted_LF,0.3000,auto,0.9586,0.8567,0.0105,,0.3000,0.2812,0.7013
MNIST,RF,Targeted_LF,0.3000,lf,0.9586,0.8567,0.0105,,0.3000,0.2766,0.7022
SMS_Spam,GB,Backdoor,0.0100,auto,0.9113,0.9038,0.0090,0.990062,0.0101,0.0865,0.3834
SMS_Spam,GB,Backdoor,0.0100,backdoor,0.9113,0.9038,0.0090,0.990062,0.0101,0.2613,0.3484
SMS_Spam,GB,Backdoor,0.0500,auto,0.9113,0.8950,0.0063,0.996273,0.0500,0.1897,0.3564
SMS_Spam,GB,Backdoor,0.0500,backdoor,0.9113,0.8950,0.0063,0.996273,0.0500,0.0678,0.3808
SMS_Spam,GB,Backdoor,0.1000,auto,0.9113,0.8913,0.0079,0.997308,0.1001,0.2333,0.3456
SMS_Spam,GB,Backdoor,0.1000,backdoor,0.9113,0.8913,0.0079,0.997308,0.1001,0.2284,0.3466
SMS_Spam,GB,Backdoor,0.1500,auto,0.9113,0.8856,0.0116,0.999172,0.1501,0.1915,0.3507
SMS_Spam,GB,Backdoor,0.1500,backdoor,0.9113,0.8856,0.0116,0.999172,0.1501,0.1754,0.3539
SMS_Spam,GB,Backdoor,0.2000,auto,0.9113,0.8836,0.0095,1.0,0.2001,0.1167,0.3645
SMS_Spam,GB,Backdoor,0.2000,backdoor,0.9113,0.8836,0.0095,1.0,0.2001,0.1124,0.3654
SMS_Spam,GB,Backdoor,0.2500,auto,0.9113,0.8832,0.0174,1.0,0.2502,0.0490,0.3779
SMS_Spam,GB,Backdoor,0.2500,backdoor,0.9113,0.8832,0.0174,1.0,0.2502,0.0995,0.3678
SMS_Spam,GB,Backdoor,0.3000,auto,0.9113,0.8760,0.0263,1.0,0.3000,-0.0024,0.3850
SMS_Spam,GB,Backdoor,0.3000,backdoor,0.9113,0.8760,0.0263,1.0,0.3000,0.0224,0.3800
SMS_Spam,GB,Random_LF,0.0100,auto,0.9113,0.9105,0.0131,,0.0101,0.3443,0.7308
SMS_Spam,GB,Random_LF,0.0100,lf,0.9113,0.9105,0.0131,,0.0101,0.5197,0.6957
SMS_Spam,GB,Random_LF,0.0500,auto,0.9113,0.9014,0.0126,,0.0501,0.2912,0.7374
SMS_Spam,GB,Random_LF,0.0500,lf,0.9113,0.9014,0.0126,,0.0501,0.3616,0.7234
SMS_Spam,GB,Random_LF,0.1000,auto,0.9113,0.8976,0.0091,,0.1001,0.4322,0.7075
SMS_Spam,GB,Random_LF,0.1000,lf,0.9113,0.8976,0.0091,,0.1001,0.1566,0.7627
SMS_Spam,GB,Random_LF,0.1500,auto,0.9113,0.8772,0.0173,,0.1502,0.0470,0.7757
SMS_Spam,GB,Random_LF,0.1500,lf,0.9113,0.8772,0.0173,,0.1502,0.1859,0.7479
SMS_Spam,GB,Random_LF,0.2000,auto,0.9113,0.8684,0.0117,,0.2001,0.2385,0.7334
SMS_Spam,GB,Random_LF,0.2000,lf,0.9113,0.8684,0.0117,,0.2001,0.0954,0.7621
SMS_Spam,GB,Random_LF,0.2500,auto,0.9113,0.8448,0.0102,,0.2502,0.1231,0.7462
SMS_Spam,GB,Random_LF,0.2500,lf,0.9113,0.8448,0.0102,,0.2502,0.0608,0.7586
SMS_Spam,GB,Random_LF,0.3000,auto,0.9113,0.7826,0.0168,,0.3000,0.0103,0.7415
SMS_Spam,GB,Random_LF,0.3000,lf,0.9113,0.7826,0.0168,,0.3000,0.0204,0.7394
SMS_Spam,GB,Targeted_LF,0.0100,auto,0.9113,0.9131,0.0106,,0.0101,0.3950,0.7218
SMS_Spam,GB,Targeted_LF,0.0100,lf,0.9113,0.9131,0.0106,,0.0101,0.3843,0.7239
SMS_Spam,GB,Targeted_LF,0.0500,auto,0.9113,0.9137,0.0100,,0.0501,0.2976,0.7416
SMS_Spam,GB,Targeted_LF,0.0500,lf,0.9113,0.9137,0.0100,,0.0501,0.3094,0.7392
SMS_Spam,GB,Targeted_LF,0.1000,auto,0.9113,0.9150,0.0084,,0.1001,0.2331,0.7550
SMS_Spam,GB,Targeted_LF,0.1000,lf,0.9113,0.9150,0.0084,,0.1001,0.2197,0.7577
SMS_Spam,GB,Targeted_LF,0.1500,auto,0.9113,0.9120,0.0103,,0.1502,0.1851,0.7633
SMS_Spam,GB,Targeted_LF,0.1500,lf,0.9113,0.9120,0.0103,,0.1502,0.1586,0.7686
SMS_Spam,GB,Targeted_LF,0.2000,auto,0.9113,0.9037,0.0106,,0.2001,0.1271,0.7712
SMS_Spam,GB,Targeted_LF,0.2000,lf,0.9113,0.9037,0.0106,,0.2001,0.1362,0.7694
SMS_Spam,GB,Targeted_LF,0.2500,auto,0.9113,0.9017,0.0135,,0.2502,0.0626,0.7833
SMS_Spam,GB,Targeted_LF,0.2500,lf,0.9113,0.9017,0.0135,,0.2502,0.0773,0.7803
SMS_Spam,GB,Targeted_LF,0.3000,auto,0.9113,0.8913,0.0183,,0.3000,0.0164,0.7879
SMS_Spam,GB,Targeted_LF,0.3000,lf,0.9113,0.8913,0.0183,,0.3000,-0.0046,0.7921
SMS_Spam,LR,Backdoor,0.0100,auto,0.9537,0.9377,0.0124,0.256522,0.0101,0.4269,0.6053
SMS_Spam,LR,Backdoor,0.0100,backdoor,0.9537,0.9377,0.0124,0.256522,0.0101,0.9925,0.4922
SMS_Spam,LR,Backdoor,0.0500,auto,0.9537,0.9244,0.0166,0.61677,0.0500,0.3649,0.4680
SMS_Spam,LR,Backdoor,0.0500,backdoor,0.9537,0.9244,0.0166,0.61677,0.0500,0.9085,0.3593
SMS_Spam,LR,Backdoor,0.1000,auto,0.9537,0.9220,0.0269,0.816977,0.1001,0.9355,0.2728
SMS_Spam,LR,Backdoor,0.1000,backdoor,0.9537,0.9220,0.0269,0.816977,0.1001,0.9349,0.2730
SMS_Spam,LR,Backdoor,0.1500,auto,0.9537,0.9199,0.0217,0.880952,0.1501,0.4993,0.3336
SMS_Spam,LR,Backdoor,0.1500,backdoor,0.9537,0.9199,0.0217,0.880952,0.1501,0.7702,0.2794
SMS_Spam,LR,Backdoor,0.2000,auto,0.9537,0.9040,0.0279,0.909938,0.2001,0.3824,0.3387
SMS_Spam,LR,Backdoor,0.2000,backdoor,0.9537,0.9040,0.0279,0.909938,0.2001,0.6395,0.2873
SMS_Spam,LR,Backdoor,0.2500,auto,0.9537,0.9021,0.0384,0.942857,0.2502,1.0345,0.1943
SMS_Spam,LR,Backdoor,0.2500,backdoor,0.9537,0.9021,0.0384,0.942857,0.2502,1.2412,0.1530
SMS_Spam,LR,Backdoor,0.3000,auto,0.9537,0.9019,0.0441,0.96294,0.3000,1.2318,0.1467
SMS_Spam,LR,Backdoor,0.3000,backdoor,0.9537,0.9019,0.0441,0.96294,0.3000,0.7162,0.2499
SMS_Spam,LR,Random_LF,0.0100,auto,0.9537,0.9158,0.0068,,0.0101,0.9000,0.6041
SMS_Spam,LR,Random_LF,0.0100,lf,0.9537,0.9158,0.0068,,0.0101,0.8616,0.6118
SMS_Spam,LR,Random_LF,0.0500,auto,0.9537,0.8966,0.0111,,0.0501,1.1481,0.5464
SMS_Spam,LR,Random_LF,0.0500,lf,0.9537,0.8966,0.0111,,0.0501,0.6877,0.6385
SMS_Spam,LR,Random_LF,0.1000,auto,0.9537,0.8688,0.0211,,0.1001,1.4448,0.4754
SMS_Spam,LR,Random_LF,0.1000,lf,0.9537,0.8688,0.0211,,0.1001,1.0364,0.5571
SMS_Spam,LR,Random_LF,0.1500,auto,0.9537,0.8399,0.0166,,0.1502,1.3131,0.4896
SMS_Spam,LR,Random_LF,0.1500,lf,0.9537,0.8399,0.0166,,0.1502,2.1051,0.3312
SMS_Spam,LR,Random_LF,0.2000,auto,0.9537,0.7971,0.0107,,0.2001,1.2267,0.4890
SMS_Spam,LR,Random_LF,0.2000,lf,0.9537,0.7971,0.0107,,0.2001,1.7390,0.3865
SMS_Spam,LR,Random_LF,0.2500,auto,0.9537,0.7433,0.0043,,0.2502,1.8455,0.3427
SMS_Spam,LR,Random_LF,0.2500,lf,0.9537,0.7433,0.0043,,0.2502,1.7856,0.3546
SMS_Spam,LR,Random_LF,0.3000,auto,0.9537,0.6796,0.0103,,0.3000,1.9685,0.2913
SMS_Spam,LR,Random_LF,0.3000,lf,0.9537,0.6796,0.0103,,0.3000,1.9759,0.2899
SMS_Spam,LR,Targeted_LF,0.0100,auto,0.9537,0.9157,0.0046,,0.0101,0.8945,0.6052
SMS_Spam,LR,Targeted_LF,0.0100,lf,0.9537,0.9157,0.0046,,0.0101,0.9046,0.6032
SMS_Spam,LR,Targeted_LF,0.0500,auto,0.9537,0.9105,0.0110,,0.0501,0.9256,0.5968
SMS_Spam,LR,Targeted_LF,0.0500,lf,0.9537,0.9105,0.0110,,0.0501,1.2429,0.5333
SMS_Spam,LR,Targeted_LF,0.1000,auto,0.9537,0.8851,0.0147,,0.1001,0.9809,0.5750
SMS_Spam,LR,Targeted_LF,0.1000,lf,0.9537,0.8851,0.0147,,0.1001,1.2348,0.5243
SMS_Spam,LR,Targeted_LF,0.1500,auto,0.9537,0.8661,0.0135,,0.1502,0.8294,0.5974
SMS_Spam,LR,Targeted_LF,0.1500,lf,0.9537,0.8661,0.0135,,0.1502,1.2630,0.5107
SMS_Spam,LR,Targeted_LF,0.2000,auto,0.9537,0.8250,0.0107,,0.2001,0.8083,0.5844
SMS_Spam,LR,Targeted_LF,0.2000,lf,0.9537,0.8250,0.0107,,0.2001,1.0764,0.5308
SMS_Spam,LR,Targeted_LF,0.2500,auto,0.9537,0.7663,0.0139,,0.2502,0.9655,0.5283
SMS_Spam,LR,Targeted_LF,0.2500,lf,0.9537,0.7663,0.0139,,0.2502,0.7106,0.5793
SMS_Spam,LR,Targeted_LF,0.3000,auto,0.9537,0.7169,0.0125,,0.3000,1.0682,0.4870
SMS_Spam,LR,Targeted_LF,0.3000,lf,0.9537,0.7169,0.0125,,0.3000,0.9329,0.5141
SMS_Spam,RF,Backdoor,0.0100,auto,0.9527,0.9539,0.0128,0.997516,0.0101,0.4615,0.3092
SMS_Spam,RF,Backdoor,0.0100,backdoor,0.9527,0.9539,0.0128,0.997516,0.0101,0.4778,0.3059
SMS_Spam,RF,Backdoor,0.0500,auto,0.9527,0.9496,0.0093,1.0,0.0500,0.4710,0.3045
SMS_Spam,RF,Backdoor,0.0500,backdoor,0.9527,0.9496,0.0093,1.0,0.0500,0.3080,0.3371
SMS_Spam,RF,Backdoor,0.1000,auto,0.9527,0.9480,0.0120,1.0,0.1001,0.2648,0.3451
SMS_Spam,RF,Backdoor,0.1000,backdoor,0.9527,0.9480,0.0120,1.0,0.1001,0.3163,0.3348
SMS_Spam,RF,Backdoor,0.1500,auto,0.9527,0.9490,0.0112,1.0,0.1501,0.2098,0.3565
SMS_Spam,RF,Backdoor,0.1500,backdoor,0.9527,0.9490,0.0112,1.0,0.1501,0.2439,0.3497
SMS_Spam,RF,Backdoor,0.2000,auto,0.9527,0.9425,0.0119,1.0,0.2001,0.1563,0.3645
SMS_Spam,RF,Backdoor,0.2000,backdoor,0.9527,0.9425,0.0119,1.0,0.2001,0.1632,0.3631
SMS_Spam,RF,Backdoor,0.2500,auto,0.9527,0.9381,0.0128,1.0,0.2502,0.1312,0.3677
SMS_Spam,RF,Backdoor,0.2500,backdoor,0.9527,0.9381,0.0128,1.0,0.2502,0.1279,0.3683
SMS_Spam,RF,Backdoor,0.3000,auto,0.9527,0.9341,0.0209,1.0,0.3000,0.1091,0.3704
SMS_Spam,RF,Backdoor,0.3000,backdoor,0.9527,0.9341,0.0209,1.0,0.3000,0.0664,0.3789
SMS_Spam,RF,Random_LF,0.0100,auto,0.9527,0.9534,0.0056,,0.0101,0.2302,0.7543
SMS_Spam,RF,Random_LF,0.0100,lf,0.9527,0.9534,0.0056,,0.0101,0.1875,0.7628
SMS_Spam,RF,Random_LF,0.0500,auto,0.9527,0.9368,0.0097,,0.0501,0.0717,0.7790
SMS_Spam,RF,Random_LF,0.0500,lf,0.9527,0.9368,0.0097,,0.0501,0.0702,0.7793
SMS_Spam,RF,Random_LF,0.1000,auto,0.9527,0.9204,0.0112,,0.1001,0.0074,0.7850
SMS_Spam,RF,Random_LF,0.1000,lf,0.9527,0.9204,0.0112,,0.1001,0.0800,0.7705
SMS_Spam,RF,Random_LF,0.1500,auto,0.9527,0.8916,0.0230,,0.1502,0.0790,0.7586
SMS_Spam,RF,Random_LF,0.1500,lf,0.9527,0.8916,0.0230,,0.1502,0.0442,0.7655
SMS_Spam,RF,Random_LF,0.2000,auto,0.9527,0.8642,0.0143,,0.2001,-0.0578,0.7744
SMS_Spam,RF,Random_LF,0.2000,lf,0.9527,0.8642,0.0143,,0.2001,-0.0397,0.7708
SMS_Spam,RF,Random_LF,0.2500,auto,0.9527,0.8277,0.0057,,0.2502,-0.0864,0.7648
SMS_Spam,RF,Random_LF,0.2500,lf,0.9527,0.8277,0.0057,,0.2502,-0.0578,0.7591
SMS_Spam,RF,Random_LF,0.3000,auto,0.9527,0.7704,0.0159,,0.3000,-0.1296,0.7494
SMS_Spam,RF,Random_LF,0.3000,lf,0.9527,0.7704,0.0159,,0.3000,-0.1037,0.7442
SMS_Spam,RF,Targeted_LF,0.0100,auto,0.9527,0.9551,0.0077,,0.0101,0.3367,0.7337
SMS_Spam,RF,Targeted_LF,0.0100,lf,0.9527,0.9551,0.0077,,0.0101,0.3212,0.7368
SMS_Spam,RF,Targeted_LF,0.0500,auto,0.9527,0.9467,0.0105,,0.0501,0.1716,0.7632
SMS_Spam,RF,Targeted_LF,0.0500,lf,0.9527,0.9467,0.0105,,0.0501,0.1552,0.7665
SMS_Spam,RF,Targeted_LF,0.1000,auto,0.9527,0.9338,0.0106,,0.1001,0.0612,0.7799
SMS_Spam,RF,Targeted_LF,0.1000,lf,0.9527,0.9338,0.0106,,0.1001,0.0722,0.7777
SMS_Spam,RF,Targeted_LF,0.1500,auto,0.9527,0.9205,0.0105,,0.1502,0.0116,0.7842
SMS_Spam,RF,Targeted_LF,0.1500,lf,0.9527,0.9205,0.0105,,0.1502,0.0198,0.7825
SMS_Spam,RF,Targeted_LF,0.2000,auto,0.9527,0.8981,0.0133,,0.2001,-0.0128,0.7797
SMS_Spam,RF,Targeted_LF,0.2000,lf,0.9527,0.8981,0.0133,,0.2001,-0.0454,0.7862
SMS_Spam,RF,Targeted_LF,0.2500,auto,0.9527,0.8730,0.0169,,0.2502,-0.0559,0.7778
SMS_Spam,RF,Targeted_LF,0.2500,lf,0.9527,0.8730,0.0169,,0.2502,-0.0554,0.7776
SMS_Spam,RF,Targeted_LF,0.3000,auto,0.9527,0.8320,0.0197,,0.3000,-0.1222,0.7738
SMS_Spam,RF,Targeted_LF,0.3000,lf,0.9527,0.8320,0.0197,,0.3000,-0.0717,0.7637
UNSW-NB15,GB,Backdoor,0.0100,auto,1.0000,0.9993,,1.0,0.0100,,0.2933
UNSW-NB15,GB,Backdoor,0.0100,backdoor,1.0000,0.9993,,1.0,0.0100,,0.2870
UNSW-NB15,GB,Backdoor,0.0500,auto,1.0000,0.9989,,0.9988,0.0500,,0.2548
UNSW-NB15,GB,Backdoor,0.0500,backdoor,1.0000,0.9989,,0.9988,0.0500,,0.3198
UNSW-NB15,GB,Backdoor,0.1000,auto,1.0000,0.9975,,1.0,0.1000,,0.3209
UNSW-NB15,GB,Backdoor,0.1000,backdoor,1.0000,0.9975,,1.0,0.1000,,0.3461
UNSW-NB15,GB,Backdoor,0.1500,auto,1.0000,0.9950,,1.0,0.1500,,0.3474
UNSW-NB15,GB,Backdoor,0.1500,backdoor,1.0000,0.9950,,1.0,0.1500,,0.3069
UNSW-NB15,GB,Backdoor,0.2000,auto,1.0000,0.9972,,1.0,0.2000,,0.3839
UNSW-NB15,GB,Backdoor,0.2000,backdoor,1.0000,0.9972,,1.0,0.2000,,0.3043
UNSW-NB15,GB,Backdoor,0.2500,auto,1.0000,0.9942,,1.0,0.2500,,0.3721
UNSW-NB15,GB,Backdoor,0.2500,backdoor,1.0000,0.9942,,1.0,0.2500,,0.3410
UNSW-NB15,GB,Backdoor,0.3000,auto,1.0000,0.9945,,1.0,0.3000,,0.3639
UNSW-NB15,GB,Backdoor,0.3000,backdoor,1.0000,0.9945,,1.0,0.3000,,0.3509
UNSW-NB15,GB,Random_LF,0.0100,auto,1.0000,0.9996,,,0.0100,,0.6510
UNSW-NB15,GB,Random_LF,0.0100,lf,1.0000,0.9996,,,0.0100,,0.6821
UNSW-NB15,GB,Random_LF,0.0500,auto,1.0000,0.9996,,,0.0500,,0.6547
UNSW-NB15,GB,Random_LF,0.0500,lf,1.0000,0.9996,,,0.0500,,0.6441
UNSW-NB15,GB,Random_LF,0.1000,auto,1.0000,0.9980,,,0.1000,,0.6711
UNSW-NB15,GB,Random_LF,0.1000,lf,1.0000,0.9980,,,0.1000,,0.6861
UNSW-NB15,GB,Random_LF,0.1500,auto,1.0000,0.9978,,,0.1500,,0.6915
UNSW-NB15,GB,Random_LF,0.1500,lf,1.0000,0.9978,,,0.1500,,0.6960
UNSW-NB15,GB,Random_LF,0.2000,auto,1.0000,0.9954,,,0.2000,,0.7389
UNSW-NB15,GB,Random_LF,0.2000,lf,1.0000,0.9954,,,0.2000,,0.7101
UNSW-NB15,GB,Random_LF,0.2500,auto,1.0000,0.9940,,,0.2500,,0.7809
UNSW-NB15,GB,Random_LF,0.2500,lf,1.0000,0.9940,,,0.2500,,0.7788
UNSW-NB15,GB,Random_LF,0.3000,auto,1.0000,0.9871,,,0.3000,,0.7984
UNSW-NB15,GB,Random_LF,0.3000,lf,1.0000,0.9871,,,0.3000,,0.7816
UNSW-NB15,GB,Targeted_LF,0.0100,auto,1.0000,0.9999,,,0.0100,,0.5920
UNSW-NB15,GB,Targeted_LF,0.0100,lf,1.0000,0.9999,,,0.0100,,0.6156
UNSW-NB15,GB,Targeted_LF,0.0500,auto,1.0000,0.9984,,,0.0500,,0.6932
UNSW-NB15,GB,Targeted_LF,0.0500,lf,1.0000,0.9984,,,0.0500,,0.6896
UNSW-NB15,GB,Targeted_LF,0.1000,auto,1.0000,0.9994,,,0.1000,,0.7180
UNSW-NB15,GB,Targeted_LF,0.1000,lf,1.0000,0.9994,,,0.1000,,0.6266
UNSW-NB15,GB,Targeted_LF,0.1500,auto,1.0000,0.9992,,,0.1500,,0.6531
UNSW-NB15,GB,Targeted_LF,0.1500,lf,1.0000,0.9993,0.0008,,0.1500,0.4602,0.7077
UNSW-NB15,GB,Targeted_LF,0.2000,auto,1.0000,0.9997,0.0006,,0.2000,0.3959,0.7207
UNSW-NB15,GB,Targeted_LF,0.2000,lf,1.0000,0.9997,0.0006,,0.2000,0.3242,0.7351
UNSW-NB15,GB,Targeted_LF,0.2500,auto,1.0000,0.9938,0.0044,,0.2500,0.3176,0.7340
UNSW-NB15,GB,Targeted_LF,0.2500,lf,1.0000,0.9938,0.0044,,0.2500,0.3202,0.7335
UNSW-NB15,GB,Targeted_LF,0.3000,auto,1.0000,0.9913,0.0054,,0.3000,0.2875,0.7390
UNSW-NB15,GB,Targeted_LF,0.3000,lf,1.0000,0.9913,0.0054,,0.3000,0.2102,0.7545
UNSW-NB15,LR,Backdoor,0.0100,auto,0.9889,0.9870,,0.9165,0.0100,,0.3277
UNSW-NB15,LR,Backdoor,0.0100,backdoor,0.9889,0.9870,,0.9165,0.0100,,0.3016
UNSW-NB15,LR,Backdoor,0.0500,auto,0.9889,0.9843,,0.9548,0.0500,,0.2938
UNSW-NB15,LR,Backdoor,0.0500,backdoor,0.9889,0.9843,,0.9548,0.0500,,0.3124
UNSW-NB15,LR,Backdoor,0.1000,auto,0.9889,0.9827,,0.9755,0.1000,,0.3488
UNSW-NB15,LR,Backdoor,0.1000,backdoor,0.9889,0.9827,,0.9755,0.1000,,0.3164
UNSW-NB15,LR,Backdoor,0.1500,auto,0.9889,0.9800,,0.9805,0.1500,,0.4348
UNSW-NB15,LR,Backdoor,0.1500,backdoor,0.9889,0.9800,,0.9805,0.1500,,0.4578
UNSW-NB15,LR,Backdoor,0.2000,auto,0.9889,0.9808,,0.9794,0.2000,,0.4199
UNSW-NB15,LR,Backdoor,0.2000,backdoor,0.9889,0.9808,,0.9794,0.2000,,0.4571
UNSW-NB15,LR,Backdoor,0.2500,auto,0.9889,0.9778,,0.9821,0.2500,,0.4091
UNSW-NB15,LR,Backdoor,0.2500,backdoor,0.9889,0.9778,,0.9821,0.2500,,0.4753
UNSW-NB15,LR,Backdoor,0.3000,auto,0.9889,0.9776,,0.9775,0.3000,,0.4576
UNSW-NB15,LR,Backdoor,0.3000,backdoor,0.9889,0.9776,,0.9775,0.3000,,0.4610
UNSW-NB15,LR,Random_LF,0.0100,auto,0.9889,0.9885,,,0.0100,,0.3539
UNSW-NB15,LR,Random_LF,0.0100,lf,0.9889,0.9885,,,0.0100,,0.4083
UNSW-NB15,LR,Random_LF,0.0500,auto,0.9889,0.9848,,,0.0500,,0.3529
UNSW-NB15,LR,Random_LF,0.0500,lf,0.9889,0.9848,,,0.0500,,0.3817
UNSW-NB15,LR,Random_LF,0.1000,auto,0.9889,0.9814,,,0.1000,,0.5006
UNSW-NB15,LR,Random_LF,0.1000,lf,0.9889,0.9814,,,0.1000,,0.5055
UNSW-NB15,LR,Random_LF,0.1500,auto,0.9889,0.9771,,,0.1500,,0.4646
UNSW-NB15,LR,Random_LF,0.1500,lf,0.9889,0.9771,,,0.1500,,0.4396
UNSW-NB15,LR,Random_LF,0.2000,auto,0.9889,0.9731,,,0.2000,,0.5467
UNSW-NB15,LR,Random_LF,0.2000,lf,0.9889,0.9731,,,0.2000,,0.5183
UNSW-NB15,LR,Random_LF,0.2500,auto,0.9889,0.9684,,,0.2500,,0.5099
UNSW-NB15,LR,Random_LF,0.2500,lf,0.9889,0.9684,,,0.2500,,0.5075
UNSW-NB15,LR,Random_LF,0.3000,auto,0.9889,0.9650,,,0.3000,,0.4789
UNSW-NB15,LR,Random_LF,0.3000,lf,0.9889,0.9650,,,0.3000,,0.4481
UNSW-NB15,LR,Targeted_LF,0.0100,auto,0.9889,0.9888,,,0.0100,,0.4328
UNSW-NB15,LR,Targeted_LF,0.0100,lf,0.9889,0.9888,,,0.0100,,0.4327
UNSW-NB15,LR,Targeted_LF,0.0500,auto,0.9889,0.9859,,,0.0500,,0.4201
UNSW-NB15,LR,Targeted_LF,0.0500,lf,0.9889,0.9859,,,0.0500,,0.4766
UNSW-NB15,LR,Targeted_LF,0.1000,auto,0.9889,0.9849,,,0.1000,,0.6418
UNSW-NB15,LR,Targeted_LF,0.1000,lf,0.9889,0.9849,,,0.1000,,0.6445
UNSW-NB15,LR,Targeted_LF,0.1500,auto,0.9889,0.9843,,,0.1500,,0.6519
UNSW-NB15,LR,Targeted_LF,0.1500,lf,0.9889,0.9842,0.0015,,0.1500,1.4029,0.5175
UNSW-NB15,LR,Targeted_LF,0.2000,auto,0.9889,0.9827,0.0020,,0.2000,0.6536,0.6668
UNSW-NB15,LR,Targeted_LF,0.2000,lf,0.9889,0.9827,0.0020,,0.2000,0.9911,0.5993
UNSW-NB15,LR,Targeted_LF,0.2500,auto,0.9889,0.9766,0.0062,,0.2500,0.9057,0.6139
UNSW-NB15,LR,Targeted_LF,0.2500,lf,0.9889,0.9766,0.0062,,0.2500,0.5807,0.6789
UNSW-NB15,LR,Targeted_LF,0.3000,auto,0.9889,0.9675,0.0078,,0.3000,0.6400,0.6633
UNSW-NB15,LR,Targeted_LF,0.3000,lf,0.9889,0.9675,0.0078,,0.3000,1.0337,0.5846
UNSW-NB15,RF,Backdoor,0.0100,auto,1.0000,1.0000,,0.978,0.0100,,0.2313
UNSW-NB15,RF,Backdoor,0.0100,backdoor,1.0000,1.0000,,0.978,0.0100,,0.2551
UNSW-NB15,RF,Backdoor,0.0500,auto,1.0000,1.0000,,0.9908,0.0500,,0.1987
UNSW-NB15,RF,Backdoor,0.0500,backdoor,1.0000,1.0000,,0.9908,0.0500,,0.1911
UNSW-NB15,RF,Backdoor,0.1000,auto,1.0000,1.0000,,0.9978,0.1000,,0.1673
UNSW-NB15,RF,Backdoor,0.1000,backdoor,1.0000,1.0000,,0.9978,0.1000,,0.2685
UNSW-NB15,RF,Backdoor,0.1500,auto,1.0000,0.9998,,0.9996,0.1500,,0.2526
UNSW-NB15,RF,Backdoor,0.1500,backdoor,1.0000,0.9998,,0.9996,0.1500,,0.2284
UNSW-NB15,RF,Backdoor,0.2000,auto,1.0000,0.9996,,0.9992,0.2000,,0.2007
UNSW-NB15,RF,Backdoor,0.2000,backdoor,1.0000,0.9996,,0.9992,0.2000,,0.2041
UNSW-NB15,RF,Backdoor,0.2500,auto,1.0000,0.9996,,0.9995,0.2500,,0.2428
UNSW-NB15,RF,Backdoor,0.2500,backdoor,1.0000,0.9996,,0.9995,0.2500,,0.2789
UNSW-NB15,RF,Backdoor,0.3000,auto,1.0000,0.9989,,0.9997,0.3000,,0.2816
UNSW-NB15,RF,Backdoor,0.3000,backdoor,1.0000,0.9989,,0.9997,0.3000,,0.2624
UNSW-NB15,RF,Random_LF,0.0100,auto,1.0000,0.9976,,,0.0100,,0.6359
UNSW-NB15,RF,Random_LF,0.0100,lf,1.0000,0.9976,,,0.0100,,0.6357
UNSW-NB15,RF,Random_LF,0.0500,auto,1.0000,0.9901,,,0.0500,,0.6866
UNSW-NB15,RF,Random_LF,0.0500,lf,1.0000,0.9901,,,0.0500,,0.6721
UNSW-NB15,RF,Random_LF,0.1000,auto,1.0000,0.9788,,,0.1000,,0.7080
UNSW-NB15,RF,Random_LF,0.1000,lf,1.0000,0.9788,,,0.1000,,0.6994
UNSW-NB15,RF,Random_LF,0.1500,auto,1.0000,0.9615,,,0.1500,,0.7298
UNSW-NB15,RF,Random_LF,0.1500,lf,1.0000,0.9615,,,0.1500,,0.7215
UNSW-NB15,RF,Random_LF,0.2000,auto,1.0000,0.9446,,,0.2000,,0.7086
UNSW-NB15,RF,Random_LF,0.2000,lf,1.0000,0.9446,,,0.2000,,0.7395
UNSW-NB15,RF,Random_LF,0.2500,auto,1.0000,0.9108,,,0.2500,,0.7194
UNSW-NB15,RF,Random_LF,0.2500,lf,1.0000,0.9108,,,0.2500,,0.7027
UNSW-NB15,RF,Random_LF,0.3000,auto,1.0000,0.8629,,,0.3000,,0.7012
UNSW-NB15,RF,Random_LF,0.3000,lf,1.0000,0.8629,,,0.3000,,0.6998
UNSW-NB15,RF,Targeted_LF,0.0100,auto,1.0000,0.9998,,,0.0100,,0.5972
UNSW-NB15,RF,Targeted_LF,0.0100,lf,1.0000,0.9998,,,0.0100,,0.5899
UNSW-NB15,RF,Targeted_LF,0.0500,auto,1.0000,0.9990,,,0.0500,,0.6516
UNSW-NB15,RF,Targeted_LF,0.0500,lf,1.0000,0.9990,,,0.0500,,0.6497
UNSW-NB15,RF,Targeted_LF,0.1000,auto,1.0000,0.9955,,,0.1000,,0.6639
UNSW-NB15,RF,Targeted_LF,0.1000,lf,1.0000,0.9955,,,0.1000,,0.6890
UNSW-NB15,RF,Targeted_LF,0.1500,auto,1.0000,0.9934,,,0.1500,,0.7027
UNSW-NB15,RF,Targeted_LF,0.1500,lf,1.0000,0.9900,0.0034,,0.1500,0.4926,0.6975
UNSW-NB15,RF,Targeted_LF,0.2000,auto,1.0000,0.9866,0.0030,,0.2000,0.3891,0.7168
UNSW-NB15,RF,Targeted_LF,0.2000,lf,1.0000,0.9866,0.0030,,0.2000,0.4332,0.7080
UNSW-NB15,RF,Targeted_LF,0.2500,auto,1.0000,0.9707,0.0032,,0.2500,0.3394,0.7204
UNSW-NB15,RF,Targeted_LF,0.2500,lf,1.0000,0.9707,0.0032,,0.2500,0.3458,0.7191
UNSW-NB15,RF,Targeted_LF,0.3000,auto,1.0000,0.9466,0.0109,,0.3000,0.3590,0.7068
UNSW-NB15,RF,Targeted_LF,0.3000,lf,1.0000,0.9466,0.0109,,0.3000,0.2002,0.7386
