dataset,model,attack_type,epsilon,acc_mean,acc_std,f1_mean,f1_std,n_samples,n_features
UNSW-NB15,LR,Random_LF,0.01,0.987533,0.001655,0.987507,0.001659,15000,45
UNSW-NB15,RF,Random_LF,0.01,0.9986,0.00049,0.998598,0.000491,15000,45
UNSW-NB15,GB,Random_LF,0.01,0.999867,0.000163,0.999866,0.000164,15000,45
UNSW-NB15,LR,Random_LF,0.05,0.984933,0.001806,0.984901,0.00181,15000,45
UNSW-NB15,RF,Random_LF,0.05,0.990667,0.002716,0.990647,0.002722,15000,45
UNSW-NB15,GB,Random_LF,0.05,0.999933,0.000133,0.999933,0.000134,15000,45
UNSW-NB15,LR,Random_LF,0.1,0.982267,0.002284,0.982227,0.002289,15000,45
UNSW-NB15,RF,Random_LF,0.1,0.979267,0.001718,0.979209,0.001726,15000,45
UNSW-NB15,GB,Random_LF,0.1,1.0,0.0,1.0,0.0,15000,45
UNSW-NB15,LR,Random_LF,0.15,0.98,0.002468,0.979953,0.002473,15000,45
UNSW-NB15,RF,Random_LF,0.15,0.964733,0.004399,0.964601,0.004429,15000,45
UNSW-NB15,GB,Random_LF,0.15,1.0,0.0,1.0,0.0,15000,45
UNSW-NB15,LR,Random_LF,0.2,0.977267,0.00237,0.977208,0.00238,15000,45
UNSW-NB15,RF,Random_LF,0.2,0.9432,0.005875,0.942924,0.00594,15000,45
UNSW-NB15,GB,Random_LF,0.2,0.9998,0.000267,0.9998,0.000267,15000,45
UNSW-NB15,LR,Random_LF,0.25,0.9748,0.000748,0.97473,0.000753,15000,45
UNSW-NB15,RF,Random_LF,0.25,0.9136,0.004343,0.913046,0.004474,15000,45
UNSW-NB15,GB,Random_LF,0.25,0.999667,0.000298,0.999666,0.000299,15000,45
UNSW-NB15,LR,Random_LF,0.3,0.971067,0.003586,0.970976,0.003615,15000,45
UNSW-NB15,RF,Random_LF,0.3,0.871267,0.008103,0.870281,0.008377,15000,45
UNSW-NB15,GB,Random_LF,0.3,0.998267,0.001665,0.998264,0.001668,15000,45
UNSW-NB15,LR,Targeted_LF,0.01,0.9876,0.001597,0.987576,0.001599,15000,45
UNSW-NB15,RF,Targeted_LF,0.01,0.9998,0.000163,0.9998,0.000164,15000,45
UNSW-NB15,GB,Targeted_LF,0.01,1.0,0.0,1.0,0.0,15000,45
UNSW-NB15,LR,Targeted_LF,0.05,0.985467,0.001204,0.98544,0.001206,15000,45
UNSW-NB15,RF,Targeted_LF,0.05,0.9986,0.000442,0.998598,0.000443,15000,45
UNSW-NB15,GB,Targeted_LF,0.05,0.999933,0.000133,0.999933,0.000134,15000,45
UNSW-NB15,LR,Targeted_LF,0.1,0.9844,0.000854,0.984373,0.000854,15000,45
UNSW-NB15,RF,Targeted_LF,0.1,0.996533,0.001046,0.996529,0.001047,15000,45
UNSW-NB15,GB,Targeted_LF,0.1,1.0,0.0,1.0,0.0,15000,45
UNSW-NB15,LR,Targeted_LF,0.15,0.984,0.001054,0.983974,0.001055,15000,45
UNSW-NB15,RF,Targeted_LF,0.15,0.992333,0.00228,0.992327,0.002281,15000,45
UNSW-NB15,GB,Targeted_LF,0.15,1.0,0.0,1.0,0.0,15000,45
UNSW-NB15,LR,Targeted_LF,0.2,0.9832,0.00098,0.983175,0.000979,15000,45
UNSW-NB15,RF,Targeted_LF,0.2,0.986533,0.002721,0.986525,0.002721,15000,45
UNSW-NB15,GB,Targeted_LF,0.2,1.0,0.0,1.0,0.0,15000,45
UNSW-NB15,LR,Targeted_LF,0.25,0.980667,0.001776,0.980642,0.001775,15000,45
UNSW-NB15,RF,Targeted_LF,0.25,0.975733,0.004292,0.975729,0.00429,15000,45
UNSW-NB15,GB,Targeted_LF,0.25,0.9998,0.0004,0.9998,0.000401,15000,45
UNSW-NB15,LR,Targeted_LF,0.3,0.975,0.002357,0.974978,0.002353,15000,45
UNSW-NB15,RF,Targeted_LF,0.3,0.9568,0.003757,0.956798,0.003759,15000,45
UNSW-NB15,GB,Targeted_LF,0.3,0.999933,0.000133,0.999933,0.000134,15000,45
Adult,LR,Random_LF,0.01,0.822667,0.005489,0.716969,0.010695,15000,14
Adult,RF,Random_LF,0.01,0.8456,0.006301,0.771444,0.010348,15000,14
Adult,GB,Random_LF,0.01,0.845533,0.003215,0.746318,0.006985,15000,14
Adult,LR,Random_LF,0.05,0.823733,0.005567,0.713686,0.011846,15000,14
Adult,RF,Random_LF,0.05,0.8422,0.004824,0.76759,0.007753,15000,14
Adult,GB,Random_LF,0.05,0.845667,0.002633,0.745735,0.005292,15000,14
Adult,LR,Random_LF,0.1,0.8212,0.006843,0.703956,0.014145,15000,14
Adult,RF,Random_LF,0.1,0.8374,0.003768,0.76057,0.006286,15000,14
Adult,GB,Random_LF,0.1,0.845333,0.003419,0.745613,0.006734,15000,14
Adult,LR,Random_LF,0.15,0.819,0.009065,0.696962,0.017929,15000,14
Adult,RF,Random_LF,0.15,0.832733,0.005356,0.75686,0.00834,15000,14
Adult,GB,Random_LF,0.15,0.840333,0.007703,0.733989,0.018291,15000,14
Adult,LR,Random_LF,0.2,0.813333,0.009163,0.68451,0.017676,15000,14
Adult,RF,Random_LF,0.2,0.814733,0.008554,0.735447,0.012486,15000,14
Adult,GB,Random_LF,0.2,0.843867,0.004782,0.74498,0.009511,15000,14
Adult,LR,Random_LF,0.25,0.812467,0.00999,0.678999,0.022609,15000,14
Adult,RF,Random_LF,0.25,0.797133,0.008397,0.714049,0.011631,15000,14
Adult,GB,Random_LF,0.25,0.839867,0.004097,0.73785,0.00779,15000,14
Adult,LR,Random_LF,0.3,0.8078,0.00845,0.664799,0.02046,15000,14
Adult,RF,Random_LF,0.3,0.766267,0.010173,0.681758,0.012248,15000,14
Adult,GB,Random_LF,0.3,0.8388,0.005311,0.735063,0.005369,15000,14
Adult,LR,Targeted_LF,0.01,0.8226,0.005916,0.718858,0.011349,15000,14
Adult,RF,Targeted_LF,0.01,0.8454,0.006451,0.772705,0.010212,15000,14
Adult,GB,Targeted_LF,0.01,0.844867,0.004156,0.744504,0.006536,15000,14
Adult,LR,Targeted_LF,0.05,0.822733,0.005559,0.723599,0.011269,15000,14
Adult,RF,Targeted_LF,0.05,0.842267,0.005376,0.773565,0.008569,15000,14
Adult,GB,Targeted_LF,0.05,0.845533,0.00474,0.75038,0.007552,15000,14
Adult,LR,Targeted_LF,0.1,0.823,0.004619,0.733018,0.010435,15000,14
Adult,RF,Targeted_LF,0.1,0.836667,0.009587,0.772018,0.013421,15000,14
Adult,GB,Targeted_LF,0.1,0.8466,0.005527,0.759316,0.011755,15000,14
Adult,LR,Targeted_LF,0.15,0.8216,0.003454,0.741777,0.007692,15000,14
Adult,RF,Targeted_LF,0.15,0.83,0.004676,0.769444,0.007354,15000,14
Adult,GB,Targeted_LF,0.15,0.8466,0.003422,0.766887,0.00827,15000,14
Adult,LR,Targeted_LF,0.2,0.811933,0.003986,0.740753,0.006761,15000,14
Adult,RF,Targeted_LF,0.2,0.8152,0.005439,0.759849,0.007442,15000,14
Adult,GB,Targeted_LF,0.2,0.846,0.00373,0.775865,0.007343,15000,14
Adult,LR,Targeted_LF,0.25,0.797467,0.004893,0.739067,0.005371,15000,14
Adult,RF,Targeted_LF,0.25,0.793333,0.003419,0.743214,0.005903,15000,14
Adult,GB,Targeted_LF,0.25,0.836,0.005846,0.779375,0.006808,15000,14
Adult,LR,Targeted_LF,0.3,0.765133,0.00446,0.721878,0.003104,15000,14
Adult,RF,Targeted_LF,0.3,0.763267,0.00567,0.719628,0.00712,15000,14
Adult,GB,Targeted_LF,0.3,0.811267,0.006685,0.76708,0.004202,15000,14
SMS_Spam,LR,Random_LF,0.01,0.960897,0.002697,0.917741,0.004652,5572,500
SMS_Spam,RF,Random_LF,0.01,0.977578,0.003258,0.948884,0.007646,5572,500
SMS_Spam,GB,Random_LF,0.01,0.946368,0.005878,0.864972,0.016657,5572,500
SMS_Spam,LR,Random_LF,0.05,0.956771,0.003178,0.908122,0.007244,5572,500
SMS_Spam,RF,Random_LF,0.05,0.972556,0.003337,0.938177,0.007927,5572,500
SMS_Spam,GB,Random_LF,0.05,0.94565,0.006797,0.86263,0.021331,5572,500
SMS_Spam,LR,Random_LF,0.1,0.951211,0.003239,0.896386,0.007113,5572,500
SMS_Spam,RF,Random_LF,0.1,0.962332,0.005073,0.916143,0.011942,5572,500
SMS_Spam,GB,Random_LF,0.1,0.943857,0.006151,0.856373,0.02108,5572,500
SMS_Spam,LR,Random_LF,0.15,0.94009,0.007139,0.874982,0.013576,5572,500
SMS_Spam,RF,Random_LF,0.15,0.94852,0.006255,0.8875,0.014108,5572,500
SMS_Spam,GB,Random_LF,0.15,0.940628,0.004958,0.845201,0.016374,5572,500
SMS_Spam,LR,Random_LF,0.2,0.923587,0.007744,0.845986,0.013904,5572,500
SMS_Spam,RF,Random_LF,0.2,0.936682,0.006915,0.862371,0.014864,5572,500
SMS_Spam,GB,Random_LF,0.2,0.938655,0.007365,0.839539,0.02437,5572,500
SMS_Spam,LR,Random_LF,0.25,0.895067,0.008413,0.798639,0.012349,5572,500
SMS_Spam,RF,Random_LF,0.25,0.918386,0.003542,0.829093,0.008234,5572,500
SMS_Spam,GB,Random_LF,0.25,0.937758,0.009139,0.838227,0.032668,5572,500
SMS_Spam,LR,Random_LF,0.3,0.85435,0.011353,0.740638,0.016909,5572,500
SMS_Spam,RF,Random_LF,0.3,0.888251,0.005309,0.779199,0.009678,5572,500
SMS_Spam,GB,Random_LF,0.3,0.930404,0.010726,0.813145,0.038071,5572,500
SMS_Spam,LR,Targeted_LF,0.01,0.961435,0.002407,0.919439,0.004082,5572,500
SMS_Spam,RF,Targeted_LF,0.01,0.979372,0.003356,0.953224,0.008025,5572,500
SMS_Spam,GB,Targeted_LF,0.01,0.947265,0.005303,0.867905,0.016618,5572,500
SMS_Spam,LR,Targeted_LF,0.05,0.958744,0.004846,0.914979,0.008315,5572,500
SMS_Spam,RF,Targeted_LF,0.05,0.975247,0.002167,0.944849,0.005383,5572,500
SMS_Spam,GB,Targeted_LF,0.05,0.949238,0.005399,0.8756,0.016523,5572,500
SMS_Spam,LR,Targeted_LF,0.1,0.953901,0.005717,0.906761,0.009252,5572,500
SMS_Spam,RF,Targeted_LF,0.1,0.970942,0.00224,0.937385,0.00338,5572,500
SMS_Spam,GB,Targeted_LF,0.1,0.950852,0.00554,0.881004,0.018008,5572,500
SMS_Spam,LR,Targeted_LF,0.15,0.943139,0.009502,0.88879,0.015922,5572,500
SMS_Spam,RF,Targeted_LF,0.15,0.962691,0.003086,0.921343,0.005873,5572,500
SMS_Spam,GB,Targeted_LF,0.15,0.954081,0.005627,0.891142,0.01626,5572,500
SMS_Spam,LR,Targeted_LF,0.2,0.926099,0.011906,0.862142,0.018507,5572,500
SMS_Spam,RF,Targeted_LF,0.2,0.950135,0.007728,0.900361,0.013385,5572,500
SMS_Spam,GB,Targeted_LF,0.2,0.955336,0.005482,0.896805,0.014573,5572,500
SMS_Spam,LR,Targeted_LF,0.25,0.897937,0.010326,0.822535,0.013544,5572,500
SMS_Spam,RF,Targeted_LF,0.25,0.924126,0.010282,0.85963,0.014428,5572,500
SMS_Spam,GB,Targeted_LF,0.25,0.953901,0.008113,0.895931,0.020006,5572,500
SMS_Spam,LR,Targeted_LF,0.3,0.861525,0.011339,0.777364,0.012476,5572,500
SMS_Spam,RF,Targeted_LF,0.3,0.902422,0.009447,0.829672,0.012997,5572,500
SMS_Spam,GB,Targeted_LF,0.3,0.95426,0.006003,0.900412,0.014211,5572,500
MNIST,LR,Random_LF,0.01,0.869875,0.00561,0.869764,0.005637,8000,784
MNIST,RF,Random_LF,0.01,0.95825,0.001212,0.958248,0.001212,8000,784
MNIST,GB,Random_LF,0.01,0.890125,0.002143,0.890109,0.002143,8000,784
MNIST,LR,Random_LF,0.05,0.8565,0.006899,0.856375,0.006941,8000,784
MNIST,RF,Random_LF,0.05,0.95475,0.002222,0.954747,0.002221,8000,784
MNIST,GB,Random_LF,0.05,0.888,0.002574,0.887972,0.002591,8000,784
MNIST,LR,Random_LF,0.1,0.840875,0.010448,0.840746,0.010533,8000,784
MNIST,RF,Random_LF,0.1,0.95125,0.006435,0.951248,0.006435,8000,784
MNIST,GB,Random_LF,0.1,0.887125,0.003984,0.887088,0.003999,8000,784
MNIST,LR,Random_LF,0.15,0.82725,0.006442,0.827086,0.006597,8000,784
MNIST,RF,Random_LF,0.15,0.9465,0.002391,0.946498,0.002392,8000,784
MNIST,GB,Random_LF,0.15,0.887375,0.006654,0.887321,0.006687,8000,784
MNIST,LR,Random_LF,0.2,0.809375,0.004012,0.809071,0.00381,8000,784
MNIST,RF,Random_LF,0.2,0.932,0.0079,0.931994,0.007902,8000,784
MNIST,GB,Random_LF,0.2,0.886875,0.003236,0.886787,0.003227,8000,784
MNIST,LR,Random_LF,0.25,0.7825,0.004727,0.782045,0.004309,8000,784
MNIST,RF,Random_LF,0.25,0.9105,0.007174,0.91049,0.007181,8000,784
MNIST,GB,Random_LF,0.25,0.88775,0.00632,0.887678,0.006316,8000,784
MNIST,LR,Random_LF,0.3,0.75875,0.0034,0.758217,0.003241,8000,784
MNIST,RF,Random_LF,0.3,0.880625,0.009569,0.880594,0.009605,8000,784
MNIST,GB,Random_LF,0.3,0.877125,0.006574,0.877022,0.006623,8000,784
MNIST,LR,Targeted_LF,0.01,0.87075,0.006255,0.870636,0.006297,8000,784
MNIST,RF,Targeted_LF,0.01,0.958375,0.002151,0.95837,0.002151,8000,784
MNIST,GB,Targeted_LF,0.01,0.891125,0.004058,0.891099,0.004061,8000,784
MNIST,LR,Targeted_LF,0.05,0.861,0.006144,0.860655,0.006186,8000,784
MNIST,RF,Targeted_LF,0.05,0.95925,0.002574,0.959237,0.002573,8000,784
MNIST,GB,Targeted_LF,0.05,0.889125,0.002039,0.889016,0.002062,8000,784
MNIST,LR,Targeted_LF,0.1,0.853,0.010096,0.852198,0.010229,8000,784
MNIST,RF,Targeted_LF,0.1,0.956,0.000935,0.955971,0.000941,8000,784
MNIST,GB,Targeted_LF,0.1,0.887125,0.005148,0.886786,0.005189,8000,784
MNIST,LR,Targeted_LF,0.15,0.840125,0.006817,0.838642,0.006994,8000,784
MNIST,RF,Targeted_LF,0.15,0.947625,0.004391,0.947539,0.004405,8000,784
MNIST,GB,Targeted_LF,0.15,0.881875,0.003087,0.881206,0.003107,8000,784
MNIST,LR,Targeted_LF,0.2,0.829125,0.008915,0.826389,0.009321,8000,784
MNIST,RF,Targeted_LF,0.2,0.94275,0.004835,0.942586,0.004878,8000,784
MNIST,GB,Targeted_LF,0.2,0.8695,0.004444,0.868065,0.004709,8000,784
MNIST,LR,Targeted_LF,0.25,0.80725,0.007295,0.802629,0.00768,8000,784
MNIST,RF,Targeted_LF,0.25,0.918875,0.004479,0.918322,0.004541,8000,784
MNIST,GB,Targeted_LF,0.25,0.84975,0.004883,0.846838,0.005092,8000,784
MNIST,LR,Targeted_LF,0.3,0.783,0.004134,0.775017,0.004431,8000,784
MNIST,RF,Targeted_LF,0.3,0.897875,0.002187,0.896658,0.002254,8000,784
MNIST,GB,Targeted_LF,0.3,0.82275,0.01019,0.81705,0.011443,8000,784
